file_id,lexical_richness,syntactic_richness,semantic_accuracy_n,semantic_accuracy_v,semantic_accuracy_n_v,semantic_accuracy_c,semantic_richness_n,semantic_clarity_n,semantic_noise_n
0.1_捕风的异乡人_0,5.080988639645283,2.1558589941667345,3.9272727272727272,8.491329479768787,6.717314487632509,7.179746835443038,0.1351351351351352,0.03916083916083918,5.334643495756666
0.1_捕风的异乡人_1,5.11410288141476,2.182078380797514,4.121951219512195,9.037974683544304,6.8861209964412815,7.015873015873016,0.1603650586701434,0.028602213732980712,5.721031499757065
0.1_捕风的异乡人_2,5.132101080189794,2.158322938580808,3.473684210526316,9.118012422360248,6.5646258503401365,6.782152230971128,0.17362924281984335,0.04838567005749667,10.602511131131967
0.1_捕风的异乡人_3,5.125567342694869,2.1613909623034417,3.688073394495413,8.517441860465116,6.644128113879003,6.866666666666666,0.1369346733668342,0.03158584534731322,5.414363530337236
0.2_为了没有眼泪的明天_0,4.992457587060318,2.189059102097261,4.918367346938775,8.473684210526315,7.178438661710037,7.075842696629214,0.1186440677966102,0.06496598639455782,11.688944287159622
0.2_为了没有眼泪的明天_1,5.097068424288244,2.1832817788236816,4.486725663716814,8.766467065868264,7.039285714285715,7.486263736263736,0.14249684741488025,0.0319021085982738,7.883882346671243
0.2_为了没有眼泪的明天_2,5.087867297646304,2.1348887488315125,4.52,8.69186046511628,7.158088235294118,7.064516129032258,0.12658227848101267,0.043333333333333314,6.793975255513716
0.2_为了没有眼泪的明天_3,4.987792229941555,2.1401270503093137,4.765217391304348,8.797546012269938,7.129496402877698,7.164921465968586,0.14483627204030228,0.0544137022397892,10.236589460336846
0.2_为了没有眼泪的明天_4,5.159449457238536,2.2120542554544067,3.58974358974359,9.0,6.861486486486487,7.28494623655914,0.15517241379310343,0.0637651821862348,18.63215516401915
0.2_为了没有眼泪的明天_5,4.960514962416312,2.2138481617261863,4.848484848484849,9.513227513227513,7.909722222222222,7.685483870967742,0.12029161603888211,0.06228956228956231,6.870124349027532
0.2_为了没有眼泪的明天_6,5.184288947256479,2.143319026610114,4.01980198019802,9.108108108108109,7.311188811188811,7.592039800995025,0.12438423645320197,0.04589242708054589,13.479916779097104
0.2_为了没有眼泪的明天_7,5.157696703457912,2.185385723796629,4.275229357798165,8.73103448275862,6.818897637795276,7.095628415300546,0.1404639175257732,0.041532358046119516,9.676487173553639
0.3_巨龙与自由之歌_0,5.102366426473197,2.1638585488730397,4.33587786259542,9.915032679738562,7.341549295774648,7.25,0.16687898089171974,0.026403233048944773,6.194126930663769
0.3_巨龙与自由之歌_1,5.122128663144968,2.1519859646584747,4.445544554455446,8.72,7.155797101449275,7.289124668435013,0.1260923845193508,0.055608300556083005,16.191711843874074
0.3_巨龙与自由之歌_2,5.038874318917609,2.180990912355487,4.0989010989010985,9.030674846625766,7.2637795275590555,7.154696132596685,0.11696658097686376,0.03740119529593214,5.1094670517128895
0.3_巨龙与自由之歌_3,5.151373490212299,2.2191946769115645,3.180327868852459,9.820689655172414,6.786516853932584,7.5,0.16031537450722738,0.0207386924748173,4.743762675011443
0.3_巨龙与自由之歌_4,5.100727821857169,2.164392975058252,4.138888888888889,8.9874213836478,7.02621722846442,7.0027027027027025,0.1348314606741573,0.05092592592592593,12.62130177514793
0.3_巨龙与自由之歌_5,5.195631552706086,2.1763626428491727,4.126984126984127,8.777070063694268,6.706713780918728,7.176943699731903,0.15789473684210525,0.05908289241622573,15.853157439446354
1.1_浮世浮生千岩间_0,5.057365709633641,2.151385879098514,3.9,8.227272727272727,6.3321167883211675,6.916897506925208,0.1593625498007968,0.04463470319634702,9.37686929383209
1.1_浮世浮生千岩间_1,5.107009890838596,2.148424217483885,3.6272727272727274,8.97752808988764,6.934027777777778,7.28140703517588,0.1351351351351352,0.03279631760644418,12.006915403512078
1.1_浮世浮生千岩间_2,5.27254201475593,2.2164457826967134,3.778688524590164,9.015384615384615,7.0,6.942928039702233,0.1525,0.08686640286414168,37.08616830764951
1.1_浮世浮生千岩间_3,5.151309104988584,2.1844230434286853,3.8632478632478633,8.105882352941176,6.376306620209059,6.931540342298288,0.14498141263940525,0.05322455322455324,7.8434947710447425
1.1_浮世浮生千岩间_4,5.149482746572743,2.2186888315774502,3.645669291338583,8.818652849740932,6.765625,7.004662004662005,0.1483644859813083,0.08020247469066365,16.28955676830223
1.1_浮世浮生千岩间_5,5.153765833209343,2.1702790318990597,3.519230769230769,8.165775401069519,6.505154639175258,6.982278481012658,0.12745098039215683,0.05260180995475112,11.531008876789066
1.1_浮世浮生千岩间_6,5.1188466443754725,2.2512252189030306,4.137614678899083,8.97883597883598,7.208053691275167,7.211734693877551,0.13260340632603407,0.06718419195483416,10.41253984466523
1.2_辞行久远之躯_0,5.06571695175307,2.1803196379415106,4.073825503355705,9.305732484076433,6.758169934640523,6.674479166666667,0.18836915297092288,0.04119127516778523,7.29265665551517
1.2_辞行久远之躯_1,5.159191842549219,2.1538134183129434,3.2882882882882885,8.735632183908047,6.614035087719298,6.858910891089109,0.13754646840148707,0.024408129059291853,7.861455901429758
1.2_辞行久远之躯_10,5.109023266144379,2.1960685619507205,4.305555555555555,8.964071856287426,7.134545454545455,7.474820143884892,0.12949640287769779,0.03278278278278279,7.750032681064358
1.2_辞行久远之躯_11,5.053178319843055,2.1727575046113707,4.0095238095238095,7.9397590361445785,6.416974169741698,6.858638743455497,0.12681159420289856,0.032467532467532464,5.918180950259364
1.2_辞行久远之躯_12,5.099024445026513,2.1763083518034536,3.447619047619048,9.117647058823529,6.952727272727273,7.253968253968254,0.1322418136020151,0.061904761904761886,15.806973797985084
1.2_辞行久远之躯_13,5.039676637050549,2.1569846528608716,4.051546391752577,8.543046357615895,6.786290322580645,7.077142857142857,0.12247474747474746,0.0660807841811729,12.354973845299394
1.2_辞行久远之躯_14,5.092364161502947,2.159169792771316,4.173469387755102,9.683870967741935,7.549407114624506,7.6722222222222225,0.12358133669609081,0.04583987441130298,8.629531157478791
1.2_辞行久远之躯_2,5.187404186400305,2.185488623149393,4.416666666666667,9.928143712574851,7.494983277591973,7.887614678899083,0.1639751552795031,0.04282622139764999,16.297785551404424
1.2_辞行久远之躯_3,5.173747647034629,2.1694323945655736,4.327433628318584,9.0,7.093862815884476,7.589420654911839,0.13565426170468187,0.04824827251788094,11.703833622681087
1.2_辞行久远之躯_4,5.165508151286197,2.1857019403014775,4.460869565217391,8.701219512195122,6.953405017921147,7.178010471204188,0.14593908629441626,0.030320366132723105,6.790235446244549
1.2_辞行久远之躯_5,5.213813174386904,2.1542369959044603,5.008695652173913,8.487179487179487,7.011070110701107,7.2225063938618925,0.1457541191381495,0.0473560517038778,9.507554453715306
1.2_辞行久远之躯_6,5.065060507291507,2.1639526269709677,5.010204081632653,9.527173913043478,7.957446808510638,7.969072164948454,0.1176470588235294,0.14739229024943315,43.5593363320805
1.2_辞行久远之躯_7,5.198141942400566,2.2348497787548007,4.514851485148514,9.43859649122807,7.610294117647059,7.782945736434108,0.12257281553398054,0.10410599883517764,42.36990804615739
1.2_辞行久远之躯_8,4.8949036778787125,2.202284576765753,4.198019801980198,9.736526946107784,7.649253731343284,8.217847769028872,0.12154031287605295,0.050788412174550795,5.588511843429816
1.2_辞行久远之躯_9,5.109569946139195,2.175193526195662,3.1636363636363636,9.75294117647059,7.164285714285715,7.309644670050761,0.13381995133819952,0.0582345191040843,12.87573061073041
1.3_迫近的客星_0,5.025274005519314,2.162295038761659,4.625,8.763819095477388,7.756653992395437,7.983739837398374,0.078239608801956,0.07152777777777779,12.268346114647905
1.3_迫近的客星_1,5.192726654779921,2.1803020910850766,3.734042553191489,9.497109826589595,7.468164794007491,7.808398950131234,0.11883691529709228,0.03890577507598783,11.247361771700374
1.3_迫近的客星_10,5.271618063353965,2.2058923104968238,3.2815533980582523,9.548192771084338,7.148698884758364,6.974025974025974,0.13037974683544307,0.06415638939910784,25.730357571466296
1.3_迫近的客星_11,5.1429166633794585,2.204870260095702,4.45,8.781818181818181,6.957894736842105,7.007692307692308,0.14814814814814817,0.054166666666666675,15.660203139427509
1.3_迫近的客星_12,5.158356070061167,2.185280208179521,4.313725490196078,9.03125,7.194656488549619,7.125,0.12765957446808512,0.05300245098039216,11.122898394342357
1.3_迫近的客星_13,5.194640229453779,2.2034226438089046,4.15625,7.389937106918239,6.172549019607843,6.6395348837209305,0.12532637075718014,0.049342105263157895,20.490930119308494
1.3_迫近的客星_14,5.19667670526172,2.1753303812979863,4.336065573770492,9.211640211640212,7.29903536977492,7.63785046728972,0.1445497630331754,0.03619331488183946,7.441727843398727
1.3_迫近的客星_15,5.198934913466056,2.177569168414112,4.305555555555555,8.96103896103896,7.041984732824427,7.0989010989010985,0.13810741687979536,0.033138401559454196,9.593240515501265
1.3_迫近的客星_2,5.196458170946465,2.168085328461634,3.262135922330097,9.946745562130177,7.415441176470588,7.81201044386423,0.12469733656174337,0.026334951456310676,9.29175313269647
1.3_迫近的客星_3,5.220891315099487,2.1998149863297174,4.306930693069307,9.62987012987013,7.52156862745098,7.492957746478873,0.1286624203821656,0.04589242708054589,11.815616060298593
1.3_迫近的客星_4,5.043556863705491,2.149167846935666,3.6808510638297873,9.23076923076923,7.340579710144928,7.392953929539296,0.11677018633540372,0.038039974210186976,9.39476638584898
1.3_迫近的客星_5,5.116207511550884,2.1494061254975394,5.102803738317757,9.273809523809524,7.650909090909091,7.637532133676093,0.13258983890954154,0.06961939590952188,17.27945677115993
1.3_迫近的客星_6,5.1553036267982035,2.211170817822267,4.5233644859813085,8.964497041420119,7.242753623188406,7.3962765957446805,0.12814371257485033,0.05276233289956227,19.812511224481263
1.3_迫近的客星_7,5.191090869350228,2.169666048559696,4.819148936170213,9.51086956521739,7.924460431654676,7.769607843137255,0.11576354679802955,0.04954407294832827,14.400768621799914
1.3_迫近的客星_8,5.072188820079175,2.1807656577258414,4.855421686746988,9.418367346938776,8.060931899641577,8.03960396039604,0.10414052697616058,0.05474529697738321,9.521194140264024
1.3_迫近的客星_9,5.175362662784312,2.1310858300396873,4.049019607843137,9.024390243902438,7.116541353383458,7.298969072164948,0.13043478260869562,0.1033613445378151,40.17273272762187
1.4_我们终将重逢_0,5.111572890618618,2.169592556471575,4.042857142857143,8.04225352112676,6.056737588652482,7.018766756032171,0.17699115044247787,0.07987012987012987,22.963925701763536
1.4_我们终将重逢_1,5.050784517072243,2.1406668810360214,3.5434782608695654,9.36875,7.242063492063492,7.609164420485175,0.1154328732747804,0.13176574977817213,18.041080056713838
1.4_我们终将重逢_2,4.980881631796647,2.190520959702446,4.714285714285714,7.485029940119761,6.557768924302789,6.816091954022989,0.10632911392405066,0.0510204081632653,5.934623813002194
1.4_我们终将重逢_3,5.086479406811187,2.1464570250114736,3.928,8.289655172413793,6.270370370370371,6.355491329479769,0.1653439153439154,0.043179487179487185,10.179676521032539
1.4_我们终将重逢_4,5.148629653683449,2.1873155022290924,4.069230769230769,9.078947368421053,6.7695035460992905,6.974160206718346,0.16602809706257984,0.05641025641025639,11.843891027648338
1.4_我们终将重逢_5,5.097152154460748,2.1318829275947064,3.294642857142857,8.88888888888889,6.602189781021898,6.856041131105399,0.14017521902377975,0.03818681318681319,5.80610322746991
1.4_我们终将重逢_6,5.067646553637517,2.1305545465658895,3.662921348314607,8.42134831460674,6.835205992509363,7.0256410256410255,0.11001236093943137,0.028550377601768286,4.582919214408829
1.4_我们终将重逢_7,4.998002970460807,2.157922221198607,4.052083333333333,9.133689839572192,7.409893992932862,7.589333333333333,0.11552346570397115,0.036931818181818184,7.923611111111108
1.4_我们终将重逢_8,5.080717026849663,2.16688684617855,3.9008264462809916,9.141935483870968,6.844202898550725,7.144808743169399,0.14828431372549014,0.04376673262716795,6.981299482578143
2.0_振袖秋风问红叶_0,5.01089648131193,2.209983552921761,3.630952380952381,7.8449197860962565,6.538745387453875,6.962864721485412,0.1055276381909548,0.06666666666666667,16.498475831034987
2.0_振袖秋风问红叶_1,5.018426144390744,2.2098369641357416,3.697247706422018,9.187134502923977,7.05,7.249322493224932,0.14630872483221477,0.03989435640811788,8.159069531224338
2.0_振袖秋风问红叶_10,5.13251271684995,2.1713651692223834,6.134831460674158,9.241379310344827,8.190114068441064,8.131782945736434,0.10827250608272507,0.0614103060829136,12.095187299902493
2.0_振袖秋风问红叶_2,4.852223281322833,2.139835208268138,4.34,9.557291666666666,7.77054794520548,8.027568922305765,0.12936610608020696,0.09727272727272727,9.819681402582706
2.0_振袖秋风问红叶_3,5.056603917871882,2.1483656821795325,3.950980392156863,9.685082872928177,7.618374558303887,7.6124401913875595,0.1260815822002472,0.08333333333333333,31.581186129793
2.0_振袖秋风问红叶_4,4.949720571548246,2.185396616604134,4.885416666666667,7.970059880239521,6.844106463878327,7.058201058201059,0.12260536398467431,0.11817528735632182,31.013279907997774
2.0_振袖秋风问红叶_5,5.006612271732631,2.17408984878415,4.47945205479452,9.31413612565445,7.9772727272727275,8.281094527363184,0.09102244389027433,0.07316313823163137,8.388309642510203
2.0_振袖秋风问红叶_6,4.898914003417425,2.1700456578717344,5.189873417721519,10.02116402116402,8.597014925373134,8.514492753623188,0.09360189573459715,0.06899975179945397,13.485622036754698
2.0_振袖秋风问红叶_7,5.038826241776539,2.1652678270879546,5.32183908045977,8.055555555555555,7.164794007490637,7.221932114882507,0.11040609137055842,0.06433073785687803,17.211258201578016
2.0_振袖秋风问红叶_8,5.016393958355737,2.175690292695135,5.5,8.982658959537572,7.826254826254826,7.8264462809917354,0.11227154046997391,0.11992704058367536,18.878975347467133
2.0_振袖秋风问红叶_9,5.004230730722217,2.195916513403411,5.7894736842105265,10.193717277486911,8.940074906367041,8.724137931034482,0.0925700365408039,0.07210526315789474,11.885266547584541
2.1_不动鸣神，恒常乐土_0,4.947001881144066,2.210160067382076,3.7375,9.55151515151515,7.653061224489796,7.720116618075802,0.1034928848641656,0.09122340425531913,14.878586222691542
2.1_不动鸣神，恒常乐土_1,5.113431180414626,2.2133127716125682,3.911764705882353,8.575581395348838,6.839416058394161,7.493261455525606,0.13178294573643415,0.033634992458521876,6.264550014968233
2.1_不动鸣神，恒常乐土_10,5.147250216129901,2.1827871434759043,3.891891891891892,8.534246575342467,6.529182879377432,6.654178674351585,0.1449086161879896,0.057786357786357774,11.252600691381677
2.1_不动鸣神，恒常乐土_11,5.111318155559518,2.2136918251705207,5.280898876404494,8.17741935483871,7.24,7.35068493150685,0.11237373737373736,0.07170582226762001,11.994647267181167
2.1_不动鸣神，恒常乐土_12,5.006959085242485,2.2029067953781256,6.493150684931507,8.739884393063583,8.073170731707316,7.816091954022989,0.0929936305732484,0.1679712981082844,28.194646009921648
2.1_不动鸣神，恒常乐土_13,4.986486277276286,2.2193962979969983,5.767441860465116,8.813186813186814,7.835820895522388,7.8465608465608465,0.1096938775510204,0.11731266149870805,15.082235149865287
2.1_不动鸣神，恒常乐土_14,5.090648203155533,2.2051660839053753,4.28421052631579,9.172043010752688,7.519572953736655,7.824,0.12163892445582589,0.06497975708502024,8.570741664779897
2.1_不动鸣神，恒常乐土_15,4.987671964840395,2.209235781473636,5.67816091954023,8.545454545454545,7.555555555555555,7.591891891891892,0.110828025477707,0.12901712409101573,18.536814537638588
2.1_不动鸣神，恒常乐土_16,5.100317121470111,2.1963450352131857,4.737864077669903,8.196531791907514,6.905797101449275,7.18295739348371,0.13171355498721224,0.14686672550750224,33.53806069988289
2.1_不动鸣神，恒常乐土_17,5.101298126813691,2.20094232476627,3.585858585858586,7.915254237288136,6.36231884057971,6.358056265984655,0.1264367816091954,0.14997804128238912,26.57481808289136
2.1_不动鸣神，恒常乐土_18,4.945882384404567,2.193678174277226,5.387755102040816,9.126315789473685,7.854166666666667,8.528301886792454,0.12054120541205414,0.12202380952380949,15.205362577749543
2.1_不动鸣神，恒常乐土_19,4.971391581668259,2.2281065443370767,4.341772151898734,8.702127659574469,7.411985018726591,7.196675900277008,0.0985037406483791,0.09170182841068916,11.042602411338757
2.1_不动鸣神，恒常乐土_2,5.094995119088907,2.1644702322942733,3.8828828828828827,8.209580838323353,6.482014388489208,7.255,0.14471968709256844,0.06679536679536681,21.77055932768361
2.1_不动鸣神，恒常乐土_20,5.177077047908897,2.1751853901978735,4.7254901960784315,7.815476190476191,6.648148148148148,6.776566757493188,0.128625472887768,0.04187437686939182,4.870660840275618
2.1_不动鸣神，恒常乐土_21,5.095929172572137,2.2099341762502775,5.541666666666667,9.394444444444444,8.054347826086957,8.521628498727736,0.11608222490931074,0.08416666666666668,9.197558919636952
2.1_不动鸣神，恒常乐土_22,5.105768022967932,2.180863031916811,3.65,9.854748603351956,7.630824372759856,8.161953727506427,0.12360939431396785,0.054848484848484855,11.16785503865716
2.1_不动鸣神，恒常乐土_23,5.160491723675343,2.1736073101912536,4.595238095238095,10.005681818181818,8.257692307692308,8.154822335025381,0.10566037735849056,0.06292517006802721,9.169270833333329
2.1_不动鸣神，恒常乐土_3,5.042014319803373,2.216329669742109,4.51,7.957219251336898,6.7560975609756095,7.012853470437018,0.1234567901234568,0.03461538461538462,6.194512016286253
2.1_不动鸣神，恒常乐土_4,4.948640869643143,2.2119853821200146,5.03030303030303,9.304597701149426,7.754578754578755,7.821808510638298,0.12043795620437957,0.09444444444444447,21.93973418403023
2.1_不动鸣神，恒常乐土_5,5.042384005662853,2.22991072721209,5.130952380952381,9.865591397849462,8.392592592592592,9.044270833333334,0.0983606557377049,0.041341991341991326,5.73789286025567
2.1_不动鸣神，恒常乐土_6,5.145458747097457,2.213488086220778,4.263636363636364,7.590277777777778,6.149606299212598,6.0,0.14666666666666664,0.04121212121212122,10.015434007134344
2.1_不动鸣神，恒常乐土_7,5.075655128072807,2.162966782965174,4.3768115942028984,7.75,6.884758364312268,7.300791556728232,0.08146399055489961,0.04072963518240879,15.362227895768852
2.1_不动鸣神，恒常乐土_8,5.000339178391461,2.180287224831072,5.569767441860465,8.643979057591624,7.689530685920578,7.56544502617801,0.1036144578313253,0.07261509254864738,13.918173437628356
2.1_不动鸣神，恒常乐土_9,4.980196628059368,2.1799017859057606,4.784090909090909,9.27638190954774,7.898954703832753,8.028132992327366,0.10208816705336426,0.1512237762237762,33.755719335253964
2.2_千手百眼，天下人间_0,5.07098344621426,2.1825885858746736,3.5842696629213484,8.434285714285714,6.799242424242424,7.332432432432433,0.11788079470198673,0.08445692883895133,17.70832032008149
2.2_千手百眼，天下人间_1,5.058316541594717,2.202518844986696,3.5894736842105264,9.9874213836478,7.594488188976378,7.85754189944134,0.12995896032831733,0.07512899896800823,11.693114037445369
2.2_千手百眼，天下人间_10,5.1212554725199055,2.198606648892925,3.772277227722772,7.578947368421052,6.257731958762887,6.855329949238579,0.12833545108005087,0.052913488070118496,10.373262864612505
2.2_千手百眼，天下人间_11,5.101096663963232,2.172290816337737,3.5851063829787235,8.53763440860215,6.875,7.424623115577889,0.11928934010152288,0.0875150541951024,13.293164074281222
2.2_千手百眼，天下人间_12,5.078813648938073,2.2075202830125074,2.75,9.297872340425531,7.2101449275362315,7.307291666666667,0.11013767209011266,0.07336523125996808,14.888196220465684
2.2_千手百眼，天下人间_13,5.137538331413555,2.2053312000174348,4.161616161616162,9.050314465408805,7.174418604651163,7.148148148148148,0.13164893617021278,0.09471766848816031,25.262366527644303
2.2_千手百眼，天下人间_14,5.138828193650308,2.2591409240405453,4.238532110091743,8.548192771084338,6.84,6.846575342465753,0.13574097135740973,0.05088685015290521,14.893374348160023
2.2_千手百眼，天下人间_15,4.797487543640577,2.130028214053091,5.285714285714286,7.927083333333333,7.0344827586206895,7.04390243902439,0.1206896551724138,0.05385487528344672,6.916639226675814
2.2_千手百眼，天下人间_16,5.052421298874414,2.1760864417446895,4.25531914893617,9.5,7.462809917355372,7.554929577464788,0.11576354679802955,0.04628592758491974,7.084971282220902
2.2_千手百眼，天下人间_2,5.138486204854758,2.2116329545515954,4.625,8.987577639751553,7.746666666666667,7.674698795180723,0.0847682119205298,0.06935975609756098,8.34938507343349
2.2_千手百眼，天下人间_3,5.114590358991199,2.202788027681763,3.168539325842697,8.357575757575757,6.539370078740157,7.242424242424242,0.1175693527080581,0.05017435102673382,9.738908385756044
2.2_千手百眼，天下人间_4,5.048510755460127,2.1746509143712545,4.295238095238095,9.057692307692308,7.14176245210728,7.718015665796345,0.13341804320203307,0.04848484848484846,6.049815333524724
2.2_千手百眼，天下人间_5,5.261061227666335,2.2019788129553732,3.495798319327731,9.12972972972973,6.9243421052631575,6.92512077294686,0.15866666666666662,0.06313025210084033,25.210830598337047
2.2_千手百眼，天下人间_6,5.001005230556289,2.171781000408028,4.238636363636363,8.531645569620252,6.995934959349594,7.5013927576601676,0.11238825031928479,0.028787878787878793,4.764552230881948
2.2_千手百眼，天下人间_7,5.040530555483609,2.191483275276877,4.544444444444444,9.075581395348838,7.519083969465649,7.673913043478261,0.11984021304926765,0.06053639846743295,9.51536142540865
2.2_千手百眼，天下人间_8,5.121226069329078,2.1967784125766467,4.377551020408164,9.322784810126583,7.4296875,7.484764542936288,0.12548015364916776,0.07570770243581304,21.813418070475247
2.2_千手百眼，天下人间_9,5.079183371738832,2.2092430010493516,4.333333333333333,7.907514450867052,6.4436860068259385,6.3733681462141,0.15624999999999997,0.09193989071038247,15.372135754916131
2.3_无念无想，泡影断灭_0,5.068999677163831,2.1943016495238323,4.090909090909091,8.24705882352941,6.717472118959108,6.803763440860215,0.1285714285714286,0.03326367119470567,4.015710208881668
2.3_无念无想，泡影断灭_1,5.1723152552737455,2.232190865959866,3.5714285714285716,7.714285714285714,6.258687258687258,7.078804347826087,0.1200527704485488,0.135989010989011,36.22122676435226
2.3_无念无想，泡影断灭_2,5.225284081663543,2.230159052021568,4.0978260869565215,8.717391304347826,7.177536231884058,7.776595744680851,0.11963589076723022,0.05942028985507246,13.792778602935408
2.3_无念无想，泡影断灭_3,5.149545818947586,2.1963466233797684,3.830769230769231,8.963730569948186,7.670542635658915,8.239294710327457,0.08269720101781171,0.06905187835420394,11.823856643439942
2.3_无念无想，泡影断灭_4,5.199467146630457,2.204904035432506,3.784090909090909,9.735955056179776,7.7669172932330826,7.994623655913978,0.11843876177658143,0.07305194805194803,14.48033307130172
2.3_无念无想，泡影断灭_5,5.067868261660025,2.169434644881366,3.3548387096774195,8.453488372093023,6.664150943396226,6.752747252747253,0.12687585266030013,0.12192780337941626,25.78202286795755
2.4_回响渊底的安魂曲_0,5.076550434364267,2.1451025615093853,3.236559139784946,9.063583815028903,7.026315789473684,7.296391752577319,0.12204724409448822,0.05675029868578255,7.108490131859716
2.4_回响渊底的安魂曲_1,5.172387589566475,2.2043946450137892,3.8877551020408165,8.563636363636364,6.821292775665399,6.936416184971098,0.12980132450331122,0.03693590112101179,8.122510453083265
2.4_回响渊底的安魂曲_2,5.162686203776708,2.1497221294562454,3.5591397849462365,8.591463414634147,6.770428015564202,6.69164265129683,0.12285336856010567,0.027137736815156164,5.00339612969371
2.4_回响渊底的安魂曲_3,5.075162170648768,2.155608434406017,3.838709677419355,8.278145695364238,6.586065573770492,6.931137724550898,0.12653061224489795,0.1297043010752688,20.814785882870133
2.4_回响渊底的安魂曲_4,5.130339592187093,2.1875540000826383,4.717391304347826,9.26923076923077,7.740875912408759,7.781081081081081,0.12137203166226912,0.048268238761974946,8.434959224202004
2.4_回响渊底的安魂曲_5,5.170618501503987,2.2137457153685096,6.241758241758242,8.430232558139535,7.673003802281369,7.51912568306011,0.11942257217847771,0.040860547902801414,14.633570416658578
2.4_回响渊底的安魂曲_6,5.174769123377731,2.206247514907359,4.0625,9.798850574712644,7.9921259842519685,7.769230769230769,0.10512483574244418,0.10576923076923078,20.16416684723147
3.1_穿越烟帷与暗林_0,5.031520415549299,2.2013154826300765,4.906666666666666,8.578947368421053,7.459349593495935,7.838356164383562,0.09236453201970443,0.04705882352941175,7.206915680473374
3.1_穿越烟帷与暗林_1,5.06110419192829,2.206123988248386,5.604651162790698,8.965317919075144,7.8494208494208495,8.10899182561308,0.10899873257287708,0.05252606255012029,10.342821275691954
3.1_穿越烟帷与暗林_10,4.9199740268091965,2.1149768561467637,4.593220338983051,8.921212121212122,7.78125,7.91764705882353,0.07257072570725706,0.05974576271186441,6.890433269869778
3.1_穿越烟帷与暗林_11,5.088861950042642,2.1773277679779817,5.428571428571429,9.677018633540373,8.142857142857142,8.43010752688172,0.11607142857142856,0.05840455840455842,7.084010689149011
3.1_穿越烟帷与暗林_12,5.020104695468011,2.1669698099765102,4.18,7.826923076923077,6.40234375,6.727528089887641,0.13351134846461946,0.06333333333333332,10.973312401883838
3.1_穿越烟帷与暗林_13,4.944490239351614,2.21458584144869,3.888888888888889,9.302197802197803,7.767716535433071,8.032163742690058,0.09362808842652798,0.04816784869976357,7.650953467667993
3.1_穿越烟帷与暗林_14,5.070183657433285,2.1809858920973815,3.7529411764705882,8.841176470588236,7.145098039215687,7.337950138504155,0.11333333333333338,0.05135746606334841,6.622319975466336
3.1_穿越烟帷与暗林_15,5.024682183593089,2.1790182593564085,4.975903614457831,9.039325842696629,7.747126436781609,7.7700258397932815,0.10466582597730138,0.05228915662650602,5.321771827421414
3.1_穿越烟帷与暗林_16,5.080287429195235,2.208945131485144,4.483050847457627,8.598684210526315,6.8,7.296195652173913,0.1571238348868176,0.0613458133063496,10.21379293137028
3.1_穿越烟帷与暗林_17,5.03544881962346,2.1903673936190042,5.029126213592233,7.908450704225352,6.697959183673469,7.090140845070422,0.1373333333333333,0.06814787154592981,8.244554491891462
3.1_穿越烟帷与暗林_18,4.963713146125508,2.206738792140934,5.636363636363637,8.486910994764397,7.667910447761194,7.601036269430052,0.09221556886227548,0.09466089466089465,14.991184920569175
3.1_穿越烟帷与暗林_19,5.013708732910103,2.1999455893120023,4.7701149425287355,9.10126582278481,7.563265306122449,8.333333333333334,0.1051995163240629,0.05009759271307742,10.201525532566691
3.1_穿越烟帷与暗林_2,5.028161999620503,2.2146030521408435,4.391304347826087,8.789473684210526,7.131147540983607,7.905027932960894,0.11645569620253167,0.02855288773523686,7.513482914505463
3.1_穿越烟帷与暗林_20,4.903334370533645,2.1793170990589905,3.91,8.156862745098039,6.478260869565218,6.809651474530831,0.12658227848101267,0.09872340425531918,12.14056236974181
3.1_穿越烟帷与暗林_21,5.005313444719497,2.2139257941184027,4.5125,9.630952380952381,7.979838709677419,7.966292134831461,0.10403120936280887,0.053260869565217396,5.538940132265931
3.1_穿越烟帷与暗林_22,5.0740452370755476,2.1698490839925473,4.0673076923076925,9.070588235294117,7.171532846715328,7.503759398496241,0.13248407643312102,0.12571225071225073,20.27274178349217
3.1_穿越烟帷与暗林_23,5.085471252364684,2.1833160067250423,4.742857142857143,9.567375886524824,7.508130081300813,7.793296089385475,0.13944223107569723,0.061265103056147824,13.116882536225935
3.1_穿越烟帷与暗林_24,5.062525034654062,2.2064503752947835,4.385416666666667,9.58974358974359,7.607142857142857,7.502857142857143,0.1283422459893048,0.055967514124293787,9.949574125067821
3.1_穿越烟帷与暗林_25,5.146044905215473,2.2191531580619888,4.329787234042553,9.602272727272727,7.766666666666667,7.9140625,0.1263440860215054,0.06692456479690519,8.338990040789673
3.1_穿越烟帷与暗林_26,4.964903105690908,2.1710505236030997,5.038834951456311,8.375,7.027450980392157,7.552706552706553,0.13239074550128543,0.06851071624839715,9.726976838839105
3.1_穿越烟帷与暗林_27,5.0548827225885775,2.2188946702416854,5.264367816091954,8.761290322580646,7.5041322314049586,7.706586826347305,0.11402359108781122,0.09410919540229885,16.849856566858357
3.1_穿越烟帷与暗林_28,5.106905907122894,2.1920173104538616,4.546391752577319,8.656626506024097,7.140684410646388,7.828804347826087,0.12916111850865514,0.08523564064801177,13.789051611719387
3.1_穿越烟帷与暗林_29,5.070441434232566,2.192511242776428,4.637931034482759,9.448717948717949,7.397058823529412,7.646739130434782,0.15466666666666665,0.08782327586206898,22.092122726641673
3.1_穿越烟帷与暗林_3,5.057090722965857,2.183468745910873,3.9066666666666667,8.745222929936306,7.181034482758621,7.84985835694051,0.09715025906735753,0.0853900709219858,17.012301777067826
3.1_穿越烟帷与暗林_30,4.965223552364257,2.2101324491230314,4.077922077922078,8.982248520710058,7.4471544715447155,8.12912087912088,0.09506172839506172,0.09560652113843603,18.07009122215679
3.1_穿越烟帷与暗林_31,5.0220769665172655,2.171490305274289,3.681318681318681,9.26950354609929,7.077586206896552,7.863636363636363,0.12021136063408189,0.11186813186813187,13.369008808931115
3.1_穿越烟帷与暗林_32,4.993951664277388,2.1877310853803658,4.256880733944954,9.229166666666666,7.086956521739131,7.643874643874644,0.1455273698264352,0.08306028833551769,9.183246798922816
3.1_穿越烟帷与暗林_33,5.045849730749859,2.178671313856554,3.423076923076923,9.261146496815286,6.934865900383142,7.733516483516484,0.13941018766756036,0.12783732660781844,24.18577164569875
3.1_穿越烟帷与暗林_34,5.0388538155994596,2.1809285162926546,3.7383177570093458,9.20138888888889,6.872509960159363,7.23876404494382,0.1406044678055191,0.09328160818197849,10.069669470057427
3.1_穿越烟帷与暗林_35,5.069807114035921,2.2093152217371603,4.262626262626263,9.542682926829269,7.555133079847908,7.913279132791328,0.12924281984334204,0.09386973180076628,22.588955304011204
3.1_穿越烟帷与暗林_4,5.059836417806478,2.1871140473883828,5.2105263157894735,10.971428571428572,9.227091633466136,8.821428571428571,0.09178743961352659,0.09668192219679636,16.996943417159766
3.1_穿越烟帷与暗林_5,4.944662133931067,2.2053386599719547,4.276315789473684,8.652694610778443,7.283950617283951,7.518840579710145,0.09768637532133675,0.06042884990253412,13.616586954639885
3.1_穿越烟帷与暗林_6,5.09039073994369,2.1590044968468822,4.805555555555555,8.909090909090908,7.662447257383966,7.991869918699187,0.09612817089452605,0.037037037037037035,9.749999999999995
3.1_穿越烟帷与暗林_7,5.034231008789038,2.161744857243776,4.0,10.585227272727273,8.457692307692307,8.444141689373296,0.11290322580645164,0.2034632034632034,35.86069056937257
3.1_穿越烟帷与暗林_8,5.151792621137433,2.1915446179819997,4.385416666666667,9.562962962962963,7.411255411255412,7.479041916167665,0.1316872427983539,0.06794871794871794,19.709793937337494
3.1_穿越烟帷与暗林_9,5.067372506839775,2.169989473309753,4.91764705882353,8.373417721518987,7.1646090534979425,7.676470588235294,0.11067708333333331,0.05273109243697479,8.615517365201075
3.2_千朵玫瑰带来的黎明_0,5.005006209336556,2.165861737806602,4.339285714285714,8.583333333333334,7.522321428571429,7.838440111420613,0.0715197956577267,0.04578754578754579,5.26830981544902
3.2_千朵玫瑰带来的黎明_1,5.1499959692854675,2.152601267473719,4.25,7.895953757225434,6.527075812274369,7.1141439205955335,0.1331626120358515,0.025641025641025637,6.489600000000014
3.2_千朵玫瑰带来的黎明_10,4.9652881354501925,2.190720711438525,5.134328358208955,7.374269005847953,6.743697478991597,6.852861035422343,0.08470290771175726,0.07745058491327145,7.634562820708219
3.2_千朵玫瑰带来的黎明_11,5.038493463008521,2.190612627861163,4.818181818181818,8.392156862745098,7.412811387900356,7.522167487684729,0.10026041666666664,0.05466626396858955,5.739865406184908
3.2_千朵玫瑰带来的黎明_12,4.867650054959537,2.2053573371071638,4.5,7.579234972677596,6.436426116838488,6.33743842364532,0.14266842800528395,0.07131599684791175,6.121806905769663
3.2_千朵玫瑰带来的黎明_13,4.976314639450308,2.1707154035946474,4.24,8.440993788819876,7.1059322033898304,7.176300578034682,0.09603072983354674,0.07060606060606062,9.003999245257448
3.2_千朵玫瑰带来的黎明_14,4.995892851688986,2.126471778061573,5.0,8.65,7.723880597014926,7.908854166666667,0.08751608751608754,0.05130718954248364,6.935548019787379
3.2_千朵玫瑰带来的黎明_15,4.927189457391742,2.187595040688856,3.9591836734693877,6.726190476190476,5.706766917293233,6.151670951156812,0.1384180790960452,0.08951762523191094,7.726720184428512
3.2_千朵玫瑰带来的黎明_16,4.9973418482305645,2.196009608856338,4.101123595505618,9.87037037037037,7.824701195219124,8.04289544235925,0.11055900621118013,0.0822556709773161,15.054784360228652
3.2_千朵玫瑰带来的黎明_17,4.915796546157569,2.131602859363052,4.961038961038961,8.653179190751445,7.516,7.455555555555556,0.09673366834170857,0.1020923520923521,9.564635814091112
3.2_千朵玫瑰带来的黎明_18,4.862478880961135,2.1597108677906345,5.711864406779661,10.301136363636363,9.148936170212766,8.60846560846561,0.07048984468339309,0.071391884951207,6.6608437032603796
3.2_千朵玫瑰带来的黎明_19,5.030169197369309,2.1811577855692543,4.228260869565218,8.646706586826348,7.077220077220077,7.383098591549296,0.12169312169312169,0.19516908212560394,24.349643079273736
3.2_千朵玫瑰带来的黎明_2,4.982972477451031,2.172135465532726,6.245614035087719,9.421965317919074,8.160278745644598,8.106329113924051,0.13364595545134822,0.051993620414673036,5.510534633800157
3.2_千朵玫瑰带来的黎明_20,4.898719892876458,2.1696772824835855,4.9375,7.505154639175258,6.565359477124183,6.451456310679611,0.15321477428180574,0.12063492063492061,11.618314145516319
3.2_千朵玫瑰带来的黎明_21,4.761140286262609,2.216610527103179,3.3636363636363638,6.768472906403941,5.496913580246914,5.505773672055427,0.1763848396501458,0.0670995670995671,5.227786323328377
3.2_千朵玫瑰带来的黎明_22,5.102391996448113,2.155927454004287,4.018348623853211,6.818681318681318,5.769759450171821,5.969543147208122,0.1515994436717663,0.05700105278989321,8.874476168855201
3.2_千朵玫瑰带来的黎明_23,4.998920847722278,2.2202748579076172,4.329545454545454,8.60135135135135,7.008474576271187,6.883720930232558,0.11671087533156498,0.105,17.06545935749614
3.2_千朵玫瑰带来的黎明_24,5.019887786491701,2.1297827870062735,6.6,9.396449704142011,8.497991967871487,7.964959568733153,0.10484927916120575,0.07368421052631578,6.06042256167951
3.2_千朵玫瑰带来的黎明_25,4.953532079471098,2.1741824981153868,5.8059701492537314,9.629213483146067,8.583673469387755,8.364383561643836,0.08271604938271604,0.04898584003061614,4.712408197065889
3.2_千朵玫瑰带来的黎明_26,4.922816148844201,2.1611447894393843,4.385542168674699,9.621118012422361,7.840163934426229,7.674772036474164,0.10892388451443571,0.073658269441402,8.734728172387786
3.2_千朵玫瑰带来的黎明_27,5.019552147446392,2.177836575706104,4.180555555555555,7.3544303797468356,6.360869565217391,6.9186046511627906,0.09254498714652956,0.08169934640522876,5.398563138530204
3.2_千朵玫瑰带来的黎明_3,4.90081845297474,2.1627117208470104,4.76056338028169,8.873417721518987,7.598253275109171,8.149863760217984,0.08647990255785629,0.06069751844399732,7.10229840451462
3.2_千朵玫瑰带来的黎明_4,4.992874124410294,2.1338827137896303,4.026666666666666,8.758241758241759,7.377431906614786,7.182278481012658,0.09270704573547589,0.09916666666666665,22.345849764310184
3.2_千朵玫瑰带来的黎明_5,5.094137621947973,2.204498730861504,4.708860759493671,7.994318181818182,6.976470588235294,7.513586956521739,0.10038119440914867,0.07008907641819034,13.743669645974798
3.2_千朵玫瑰带来的黎明_6,4.792955790195133,2.1037967635103736,4.630434782608695,9.153846153846153,7.70383275261324,7.722513089005235,0.1050228310502283,0.11043478260869566,17.58055942885213
3.2_千朵玫瑰带来的黎明_7,4.967165549321068,2.1260887189707347,4.741935483870968,8.506756756756756,7.395238095238096,6.915697674418604,0.08072916666666663,0.04070660522273425,4.50479189692501
3.2_千朵玫瑰带来的黎明_8,4.855848908910824,2.161777426576906,3.9655172413793105,9.027777777777779,7.121212121212121,7.643478260869565,0.10116279069767439,0.08019246190858059,8.026419917079256
3.2_千朵玫瑰带来的黎明_9,5.060894301109825,2.2118290204358835,3.5176470588235293,7.231638418079096,6.026717557251908,6.486187845303867,0.11821974965229487,0.08414322250639387,11.218599706937944
3.3_迷梦与空幻与欺骗_0,5.192154212884585,2.2041711654527076,3.6265060240963853,9.5375,7.518518518518518,7.32122905027933,0.10878112712975095,0.05641614075349013,22.206297330576806
3.3_迷梦与空幻与欺骗_1,5.08785115798451,2.2355875973602717,4.354838709677419,8.683544303797468,7.079681274900398,7.546783625730995,0.12109374999999999,0.028517999064983635,7.129988102320041
3.3_迷梦与空幻与欺骗_10,5.0693835915787915,2.2092426583206723,3.5164835164835164,8.637426900584796,6.858778625954199,6.726519337016574,0.1172680412371134,0.048984913391693044,7.980032190214912
3.3_迷梦与空幻与欺骗_11,5.046199154720747,2.185044888693613,4.710843373493976,9.57615894039735,7.85042735042735,8.251479289940828,0.1058673469387755,0.07638554216867471,10.61766529761093
3.3_迷梦与空幻与欺骗_12,5.085360014750603,2.203924478692528,3.25,8.465408805031446,6.5019607843137255,6.456647398843931,0.13464235624123422,0.07451923076923077,10.10584911344582
3.3_迷梦与空幻与欺骗_13,5.102020656815468,2.189009015984975,5.025,9.807692307692308,8.186440677966102,7.859154929577465,0.10322580645161289,0.105,17.67881656804733
3.3_迷梦与空幻与欺骗_14,5.2466982584470045,2.2048704674479307,4.237623762376238,8.876543209876543,7.095057034220532,7.2292817679558015,0.13778990450204642,0.0826164583671482,17.52173516366251
3.3_迷梦与空幻与欺骗_15,5.011223854238838,2.1705408645285384,4.4222222222222225,8.693121693121693,7.315412186379929,7.900255754475704,0.11111111111111112,0.256501182033097,38.67592127775263
3.3_迷梦与空幻与欺骗_2,5.143078578740356,2.1611016208117344,4.3375,8.908536585365853,7.409836065573771,7.273239436619718,0.10914051841746249,0.030392156862745105,4.409524127752393
3.3_迷梦与空幻与欺骗_3,5.045791592556363,2.2017243611902235,3.5671641791044775,8.956521739130435,7.37280701754386,7.428169014084507,0.08448928121059267,0.06733001658374792,10.513363833101785
3.3_迷梦与空幻与欺骗_4,4.912905494645757,2.1804708069817007,4.408602150537634,9.641509433962264,7.7103174603174605,7.455040871934605,0.12109374999999999,0.05708699902248287,8.817268662945084
3.3_迷梦与空幻与欺骗_5,5.092856272674912,2.189651066978862,4.27710843373494,8.388535031847134,6.966666666666667,7.342318059299191,0.10892388451443571,0.06472950626033547,9.938549436632012
3.3_迷梦与空幻与欺骗_6,5.103641884420531,2.1603238665659155,5.467532467532467,9.48421052631579,8.325842696629213,8.221024258760108,0.10052219321148827,0.07050092764378478,8.940809042236763
3.3_迷梦与空幻与欺骗_7,5.1334071824812275,2.217489622038981,4.707865168539326,8.4,7.178438661710037,7.615384615384615,0.11930294906166222,0.0614103060829136,10.382309322877893
3.3_迷梦与空幻与欺骗_8,4.908669467734567,2.2221503109507186,5.393939393939394,8.647058823529411,7.666666666666667,7.489164086687307,0.08396946564885496,0.18831168831168832,30.349863896777734
3.3_迷梦与空幻与欺骗_9,5.151320354284533,2.2164985642109376,3.36046511627907,8.192982456140351,6.575875486381323,6.832869080779944,0.11315789473684215,0.041190382341348045,8.624322985589234
3.4_赤土之王与三朝圣者_0,4.978734981770417,2.1698269803624384,4.63013698630137,9.421965317919074,8.0,7.883720930232558,0.08837772397094433,0.04627092846270929,5.176704952518591
3.4_赤土之王与三朝圣者_1,5.057616080885443,2.1970934905679997,5.09375,9.08695652173913,7.7178571428571425,8.083756345177665,0.11538461538461536,0.03621031746031745,6.239603024574667
3.4_赤土之王与三朝圣者_10,5.107614867688813,2.184391278243428,4.603960396039604,8.846666666666666,7.139442231075697,7.240331491712707,0.1343085106382979,0.08313688511708316,20.530587634437783
3.4_赤土之王与三朝圣者_11,5.07703444295921,2.186689868379705,4.067415730337078,8.751295336787564,7.273049645390071,7.43717277486911,0.11280101394169834,0.09541039801942487,25.88551668562522
3.4_赤土之王与三朝圣者_12,5.150089471471922,2.1946679387517736,4.05050505050505,10.347560975609756,7.977186311787072,8.051351351351352,0.12313432835820891,0.056001188354129525,14.987288950707743
3.4_赤土之王与三朝圣者_13,4.955999914596808,2.1864282006441718,5.158415841584159,9.651933701657459,8.042553191489361,8.177944862155389,0.11744186046511626,0.11258383902906421,32.918574663252876
3.4_赤土之王与三朝圣者_14,5.097505783924163,2.1588861533362045,4.040404040404041,8.031446540880504,6.5,6.980821917808219,0.12014563106796113,0.06631532718489243,22.649118700149437
3.4_赤土之王与三朝圣者_15,5.118722019541779,2.2080247852023898,4.28,9.784431137724551,7.722846441947565,7.6888297872340425,0.1256281407035176,0.055915492957746483,16.98252426545403
3.4_赤土之王与三朝圣者_16,5.182543199053959,2.1910207475953802,4.601851851851852,8.301136363636363,6.894366197183099,6.896984924623116,0.14173228346456695,0.06746031746031746,12.314537306116724
3.4_赤土之王与三朝圣者_2,5.20770728663795,2.2283704310146697,6.284313725490196,9.227513227513228,8.195876288659793,8.16580310880829,0.13144329896907217,0.09197012138188604,24.67421999999997
3.4_赤土之王与三朝圣者_3,5.046441983686178,2.182181766161673,5.068965517241379,9.38125,7.862348178137652,7.785714285714286,0.10820895522388053,0.1203871748336358,41.77349608095321
3.4_赤土之王与三朝圣者_4,5.1002695594158585,2.192697990243869,4.605769230769231,9.452513966480447,7.671378091872792,7.566666666666666,0.13248407643312102,0.08226495726495726,31.204350116599922
3.4_赤土之王与三朝圣者_5,5.1091659789554225,2.2067368058866785,4.430232558139535,9.633333333333333,7.951127819548872,7.939473684210526,0.10552147239263808,0.05389442598744925,14.684414651530588
3.4_赤土之王与三朝圣者_6,5.042606792314822,2.2072379161692406,4.621951219512195,9.045685279187817,7.745519713261649,7.816272965879265,0.10224438902743145,0.07756097560975611,11.005600372646745
3.4_赤土之王与三朝圣者_7,4.972132448291539,2.203268542500344,5.406593406593407,9.357954545454545,8.01123595505618,7.837606837606837,0.11374999999999999,0.10236060236060232,24.064488042148014
3.4_赤土之王与三朝圣者_8,5.106539470246901,2.1657165384043617,4.2727272727272725,10.036363636363637,8.031620553359684,8.082446808510639,0.10628019323671498,0.04119318181818182,9.651900826446274
3.4_赤土之王与三朝圣者_9,5.161455306519691,2.211286432698728,4.352941176470588,9.16564417177914,7.134751773049645,7.126315789473685,0.15930388219544833,0.08732682262094027,23.95200964505062
3.5_虚空鼓动，劫火高扬_0,4.989535923112076,2.174114557955933,5.9411764705882355,8.510989010989011,7.812,7.88268156424581,0.08585858585858584,0.03799019607843137,5.552243767313021
3.5_虚空鼓动，劫火高扬_1,5.214321874000374,2.197474741267241,3.956896551724138,9.662857142857144,7.3883161512027495,7.355263157894737,0.1491002570694088,0.08955938697318008,28.24442622845217
3.5_虚空鼓动，劫火高扬_10,5.134555480918624,2.2070200202721035,6.641304347826087,8.49438202247191,7.862962962962963,7.792,0.11372064276885042,0.07859531772575253,11.991087919127311
3.5_虚空鼓动，劫火高扬_11,5.097024903648881,2.2022151339584903,5.461538461538462,8.82967032967033,7.819230769230769,8.136871508379889,0.09617755856966709,0.05731523378582203,7.877075368008395
3.5_虚空鼓动，劫火高扬_12,5.181826092555348,2.1698425128462957,4.408602150537634,9.729559748427674,7.765873015873016,8.043360433604336,0.12601626016260162,0.03789042498719918,8.189783037475348
3.5_虚空鼓动，劫火高扬_13,5.113417854523573,2.207306592161922,4.104651162790698,9.187134502923977,7.4863813229571985,7.752777777777778,0.11405835543766575,0.0864693446088795,19.858578083391198
3.5_虚空鼓动，劫火高扬_14,5.111062482326183,2.2106222052863056,4.314606741573034,9.006493506493506,7.288065843621399,7.333333333333333,0.12258953168044077,0.0614103060829136,11.811067256284158
3.5_虚空鼓动，劫火高扬_15,5.091245038811998,2.208170879519638,4.161616161616162,8.639751552795031,6.934615384615385,6.994366197183099,0.13451086956521738,0.06467904855001633,14.933124003236088
3.5_虚空鼓动，劫火高扬_16,5.1603259246123585,2.2577099577248805,4.580246913580247,9.159763313609467,7.676,7.407514450867052,0.11473087818696887,0.09027777777777779,16.124313539376455
3.5_虚空鼓动，劫火高扬_17,5.024244564198032,2.160868877667421,4.863636363636363,9.699386503067485,8.305676855895197,8.558659217877095,0.08118081180811808,0.03735024665257223,3.721328766827908
3.5_虚空鼓动，劫火高扬_18,5.188882957117698,2.1983003190052663,4.36,9.220125786163521,7.343629343629344,7.278514588859417,0.1362397820163487,0.043333333333333314,7.836734693877548
3.5_虚空鼓动，劫火高扬_19,5.103579920897318,2.209969988359692,4.641304347826087,9.583333333333334,7.911764705882353,8.181122448979592,0.11630847029077118,0.08058470764617692,14.335416288883291
3.5_虚空鼓动，劫火高扬_2,5.107590226474412,2.171520451697593,5.610526315789474,8.887640449438202,7.747252747252747,7.560846560846561,0.12549537648612946,0.06858552631578947,18.464207040671724
3.5_虚空鼓动，劫火高扬_20,4.880286939511397,2.2036204937923807,3.5816326530612246,7.265,6.053691275167785,6.3785900783289815,0.13154362416107382,0.10070984915705414,13.338741707776334
3.5_虚空鼓动，劫火高扬_21,5.078500243420215,2.1979043550826862,5.185714285714286,9.04191616766467,7.90295358649789,7.308510638297872,0.08816120906801005,0.052197802197802186,12.159325620911055
3.5_虚空鼓动，劫火高扬_22,5.1164070254911955,2.224766398935804,4.378787878787879,8.946107784431138,7.652360515021459,7.513274336283186,0.0905349794238683,0.05534941249226963,11.704896443331522
3.5_虚空鼓动，劫火高扬_23,5.1153833858920645,2.1445355591053414,5.103092783505154,8.368098159509202,7.15,7.242666666666667,0.12796833773087068,0.06580756013745705,13.803234871652952
3.5_虚空鼓动，劫火高扬_24,5.043667141360049,2.1385720294188086,5.3431372549019605,7.639455782312925,6.698795180722891,6.490358126721763,0.1352785145888594,0.043672014260249546,7.967186948906334
3.5_虚空鼓动，劫火高扬_25,5.034423899278094,2.180089609823856,3.8857142857142857,7.39622641509434,6.0,6.427777777777778,0.14285714285714285,0.07769423558897243,13.70006025345145
3.5_虚空鼓动，劫火高扬_26,4.96461995286238,2.164913065131291,4.135802469135802,8.806451612903226,7.203389830508475,7.596685082872928,0.10411311053984576,0.06755182855811785,12.184298403237516
3.5_虚空鼓动，劫火高扬_27,4.895799668590818,2.2008879728025654,4.040404040404041,8.593548387096774,6.818897637795276,6.881690140845071,0.12924281984334204,0.11868686868686867,11.153837008362228
3.5_虚空鼓动，劫火高扬_28,5.130066755228808,2.201736057411537,4.59375,8.196319018404909,6.861003861003861,7.126684636118599,0.12516297262059975,0.05704365079365079,11.685338836486327
3.5_虚空鼓动，劫火高扬_29,5.126947635577324,2.230746037637697,4.7272727272727275,8.45664739884393,7.007067137809187,7.048257372654155,0.1432291666666667,0.0592137592137592,14.598696797020068
3.5_虚空鼓动，劫火高扬_3,5.198143496144776,2.196901766878019,4.21,8.389473684210527,6.948275862068965,7.2544080604534,0.13333333333333333,0.045507246376811576,10.947236691379226
3.5_虚空鼓动，劫火高扬_30,5.121531887896494,2.221007812344284,5.060975609756097,9.154285714285715,7.848249027237354,7.747282608695652,0.10199004975124375,0.03153910849453322,6.352480515990324
3.5_虚空鼓动，劫火高扬_31,5.162291557967789,2.1707005849556094,5.188235294117647,9.553763440860216,8.18450184501845,8.645569620253164,0.10391198044009785,0.04215686274509802,11.419246249822875
3.5_虚空鼓动，劫火高扬_32,5.0788940723445615,2.2326924660546754,5.436781609195402,8.779874213836479,7.597560975609756,8.143250688705233,0.11012658227848106,0.06291591046581972,13.457626028806583
3.5_虚空鼓动，劫火高扬_33,5.169247787466431,2.239207303647576,5.752293577981652,9.0,7.8120805369127515,7.753086419753086,0.13574097135740973,0.05752147953982814,7.51477981068946
3.5_虚空鼓动，劫火高扬_34,5.141043143285945,2.2060571945275567,4.712643678160919,9.56353591160221,7.9888059701492535,8.13262599469496,0.10970996216897853,0.05283648498331479,13.222351564703448
3.5_虚空鼓动，劫火高扬_35,5.096306866052531,2.215820796616113,5.064516129032258,9.117647058823529,8.172932330827068,8.712435233160623,0.07838179519595445,0.027978933508887416,6.024851270957274
3.5_虚空鼓动，劫火高扬_36,5.172916933613029,2.2467796431378693,4.574074074074074,8.640883977900552,7.1211072664359865,7.360103626943006,0.13899613899613902,0.06794871794871794,11.990454916091448
3.5_虚空鼓动，劫火高扬_37,5.183320867728009,2.2517156981870894,3.4941176470588236,8.851851851851851,7.189781021897811,7.472727272727273,0.10759493670886079,0.03256606990622335,11.326611832704554
3.5_虚空鼓动，劫火高扬_38,5.197273990990462,2.1800198148773258,5.2,8.624277456647398,7.41044776119403,7.534825870646766,0.12532981530343007,0.07749546279491833,12.732277633182761
3.5_虚空鼓动，劫火高扬_39,4.997146602709504,2.1904955526695535,5.016393442622951,9.806629834254144,8.599173553719009,8.344303797468354,0.07261904761904761,0.05923994038748137,8.300573775450854
3.5_虚空鼓动，劫火高扬_4,5.073774481626605,2.2095355644477084,4.669811320754717,9.156626506024097,7.408088235294118,7.6043360433604335,0.14039735099337744,0.07918810748999427,19.397376968155815
3.5_虚空鼓动，劫火高扬_5,5.212607427375063,2.22486913096378,4.929411764705883,9.971563981042655,8.52364864864865,8.297101449275363,0.10467980295566502,0.042694497153700176,9.577126407461726
3.5_虚空鼓动，劫火高扬_6,5.005823709533489,2.183219943925115,5.63013698630137,9.618556701030927,8.52808988764045,8.39522546419098,0.09159347553324967,0.06091518507723692,9.148593364304224
3.5_虚空鼓动，劫火高扬_7,5.08937020921332,2.2242857764567714,6.467391304347826,9.760479041916168,8.59073359073359,8.350923482849604,0.12041884816753926,0.07028985507246377,14.77466326351062
3.5_虚空鼓动，劫火高扬_8,5.117785006515478,2.1834936911150002,4.948717948717949,9.361386138613861,8.132142857142858,8.215425531914894,0.09798994974874375,0.04487179487179485,5.658059142024158
3.5_虚空鼓动，劫火高扬_9,4.978905888062182,2.2136772550954005,5.222222222222222,8.943502824858758,7.689138576779026,7.616621983914209,0.10778443113772458,0.05027322404371583,9.579821698364524
3.6_卡利贝尔_0,5.094287833726091,2.199248641832896,5.989583333333333,8.675824175824175,7.748201438848921,8.254452926208652,0.1136094674556213,0.08829365079365079,22.140796961097827
3.6_卡利贝尔_1,5.127727319144293,2.1796496547655693,4.574712643678161,8.340579710144928,6.884444444444444,6.896656534954407,0.11677852348993291,0.05257207461842849,11.169143595455559
3.6_卡利贝尔_10,4.940577724614237,2.1627906440083082,4.239130434782608,9.007751937984496,7.02262443438914,7.306501547987616,0.12234042553191488,0.08695652173913039,9.748524203069648
3.6_卡利贝尔_2,5.0679355444822916,2.1641544888629713,4.617021276595745,9.389221556886227,7.670498084291188,7.5855614973262036,0.11974522292993629,0.04820478723404255,12.057404090866239
3.6_卡利贝尔_3,5.024636015728116,2.18010024484233,4.295081967213115,9.43646408839779,8.140495867768594,7.960212201591512,0.07244655581947747,0.042846497764530554,6.020512867890481
3.6_卡利贝尔_4,4.9121474595275725,2.1672537529073956,5.068181818181818,9.572327044025156,7.967611336032388,7.822888283378747,0.11224489795918366,0.10499999999999998,15.995317964034871
3.6_卡利贝尔_5,5.034858335188096,2.2014991487384754,4.85,8.592391304347826,7.458333333333333,7.355614973262032,0.10012515644555696,0.05648148148148147,10.51441441280852
3.6_卡利贝尔_6,4.954656152814426,2.21217843088061,4.589743589743589,9.767441860465116,8.152,8.128065395095367,0.09677419354838707,0.03515301902398676,10.656185699588473
3.6_卡利贝尔_7,5.057844865119773,2.1980696573865517,4.790697674418604,7.96319018404908,6.867469879518072,7.0162162162162165,0.10591133004926108,0.040898155573376095,6.911846542630473
3.6_卡利贝尔_8,4.818037855471035,2.150655997575277,5.0,7.99375,7.012605042016807,7.269444444444445,0.09101516919486578,0.03128205128205129,4.0418792517006805
3.6_卡利贝尔_9,4.821551645368642,2.142347985184738,4.115384615384615,9.487341772151899,7.711864406779661,7.96067415730337,0.09466019417475725,0.09212880143112702,11.581047024438408
4.1_白露与黑潮的序诗_0,5.085754442034657,2.165393399678096,4.484848484848484,9.59016393442623,8.236947791164658,7.887096774193548,0.0840764331210191,0.05614973262032085,12.508575636330463
4.1_白露与黑潮的序诗_1,5.127427160767792,2.1643792586708503,4.537634408602151,7.970414201183432,6.751908396946565,7.147668393782383,0.12516823687752354,0.047566976489885185,7.691620230684576
4.1_白露与黑潮的序诗_10,5.142579129952591,2.2359925236336182,3.397727272727273,9.87037037037037,7.592,7.670360110803324,0.11812080536912752,0.08560606060606063,23.329329016135965
4.1_白露与黑潮的序诗_11,5.073427285006492,2.209589330089394,4.8977272727272725,8.95625,7.516129032258065,7.5436046511627906,0.11238825031928479,0.03681818181818182,3.2095022149228
4.1_白露与黑潮的序诗_12,5.224088490281454,2.1928194972865853,5.43010752688172,9.871345029239766,8.306818181818182,7.928947368421053,0.12252964426877472,0.03861192570869991,9.613962231041642
4.1_白露与黑潮的序诗_13,4.949555446230321,2.2072443855701644,5.155555555555556,7.969135802469136,6.964285714285714,7.506963788300836,0.11306532663316585,0.08113207547169811,12.510427019158406
4.1_白露与黑潮的序诗_14,5.023538324345908,2.164801012999339,5.569444444444445,9.822784810126583,8.491304347826087,8.155124653739612,0.09302325581395349,0.0763888888888889,14.954081632653057
4.1_白露与黑潮的序诗_15,5.007331825714993,2.237833444286335,4.208333333333333,10.30722891566265,8.46218487394958,8.45906432748538,0.09171974522292993,0.10277777777777775,16.187947679850513
4.1_白露与黑潮的序诗_16,5.116907885957343,2.207509065490853,4.723404255319149,9.366459627329192,7.654901960784314,7.669491525423729,0.12401055408970976,0.05751893256401009,11.257576781134683
4.1_白露与黑潮的序诗_17,4.993348538540441,2.186747472782203,5.215189873417722,8.81875,7.627615062761507,7.68562874251497,0.11350574712643677,0.0570814425603057,11.32003937470016
4.1_白露与黑潮的序诗_18,5.0115669993133185,2.206930724471982,4.595505617977528,9.473684210526315,7.917562724014337,8.054726368159203,0.11424903722721438,0.039230622738526,5.589147408489238
4.1_白露与黑潮的序诗_19,5.028421632694838,2.160721640742099,4.186274509803922,8.848101265822784,7.019230769230769,7.453804347826087,0.1312741312741313,0.03550609432962374,8.049015524908489
4.1_白露与黑潮的序诗_2,5.032104586364982,2.1904798489654045,5.373493975903615,9.178082191780822,7.799126637554585,7.824712643678161,0.10336239103362392,0.06510658016682114,10.367271521326234
4.1_白露与黑潮的序诗_20,5.01929220023234,2.1863468250209257,4.365853658536586,9.178571428571429,7.6,7.891891891891892,0.10539845758354756,0.0336289726533629,10.797950835053484
4.1_白露与黑潮的序诗_21,5.0252089361167025,2.2226976671416976,4.695652173913044,10.497109826589595,8.483018867924528,8.235135135135135,0.11886304909560721,0.13176574977817213,20.69846100537896
4.1_白露与黑潮的序诗_22,5.042487481736787,2.220875181821496,4.304347826086956,9.299435028248588,7.332191780821918,7.668393782383419,0.15561569688768612,0.04637681159420291,7.2258207630878495
4.1_白露与黑潮的序诗_23,5.077174232946696,2.2397393256805147,5.443298969072165,9.255813953488373,7.881040892193308,8.02051282051282,0.12404092071611252,0.12870489690721648,46.03594472798081
4.1_白露与黑潮的序诗_24,4.981672263432507,2.18710674692114,4.892857142857143,9.724550898203592,8.107569721115539,8.353260869565217,0.10231425091352009,0.042857142857142844,10.153983353151018
4.1_白露与黑潮的序诗_25,5.037013494718868,2.190163393947788,5.473684210526316,8.0,7.043824701195219,7.243697478991597,0.12305699481865287,0.047028862478777606,8.742781618558137
4.1_白露与黑潮的序诗_26,4.944803345169607,2.1790939790735915,4.934782608695652,8.916167664670658,7.501930501930502,7.738636363636363,0.12266666666666672,0.03872282608695652,9.223762514877828
4.1_白露与黑潮的序诗_27,5.041514559221157,2.20136672379338,3.693877551020408,8.872093023255815,6.992592592592593,7.377410468319559,0.13207547169811318,0.05555555555555554,13.47766620498614
4.1_白露与黑潮的序诗_28,5.127655919590185,2.164672749329341,4.204081632653061,8.728395061728396,7.023076923076923,7.395604395604396,0.13189771197846567,0.056503198294243065,14.98145746691871
4.1_白露与黑潮的序诗_29,5.109174802187347,2.2176719102510147,4.1344537815126055,8.845161290322581,6.799270072992701,7.008620689655173,0.16391184573002765,0.04531001589825119,9.963323334557213
4.1_白露与黑潮的序诗_3,5.125575613397873,2.2192703703597836,3.533333333333333,9.804878048780488,7.836820083682008,7.873972602739726,0.09493670886075951,0.08814814814814817,26.52182876119579
4.1_白露与黑潮的序诗_30,5.093829415605624,2.23856960944413,4.741176470588235,9.30167597765363,7.833333333333333,7.942105263157894,0.10705289672544077,0.08627450980392155,14.24167097107439
4.1_白露与黑潮的序诗_31,5.170558023505762,2.2464480590235727,4.271186440677966,9.16304347826087,7.251655629139073,7.367724867724868,0.16142270861833097,0.03768956289027653,6.834486783498227
4.1_白露与黑潮的序诗_32,5.11523160933203,2.249388173262721,4.798076923076923,8.271186440677965,6.98576512455516,7.304582210242588,0.13436692506459946,0.03379120879120878,7.134127845109942
4.1_白露与黑潮的序诗_33,5.121198606979128,2.1778032176202684,5.3760683760683765,8.60625,7.241877256317689,7.013812154696133,0.1596180081855389,0.052991452991453,7.857296425692022
4.1_白露与黑潮的序诗_4,5.052294464964865,2.2029909091177666,4.896551724137931,9.518987341772151,7.877551020408164,8.00297619047619,0.11313394018205468,0.05009759271307742,6.355608952857566
4.1_白露与黑潮的序诗_5,5.142604830711626,2.227854616631569,5.174757281553398,9.617647058823529,7.941391941391942,8.159090909090908,0.13499344692005238,0.06737864077669904,7.432715855637929
4.1_白露与黑潮的序诗_6,5.0273154993820794,2.1931305397588123,5.563218390804598,10.241206030150753,8.818181818181818,9.00997506234414,0.10622710622710618,0.052016364699006425,9.335767865110052
4.1_白露与黑潮的序诗_7,5.023677150861376,2.1134520288364587,4.434343434343434,9.437956204379562,7.338983050847458,7.497159090909091,0.13164893617021278,0.05346569139672587,8.108648180765474
4.1_白露与黑潮的序诗_8,5.140121214935981,2.1599236085984495,3.7755102040816326,8.887573964497042,7.01123595505618,7.493403693931398,0.1281045751633987,0.07713085234093636,28.441698318541007
4.1_白露与黑潮的序诗_9,5.055191701853549,2.1790425606039,3.28125,10.142857142857142,7.6477272727272725,7.877005347593583,0.12229299363057324,0.03356481481481482,3.5582628456003054
4.2_仿若无因飘落的轻雨_0,5.196073787853303,2.16301283145001,4.206185567010309,9.621118012422361,7.5852713178294575,7.7486910994764395,0.13108108108108107,0.02585249801744647,4.650417727419412
4.2_仿若无因飘落的轻雨_1,4.996609472672484,2.156551072746396,4.915254237288136,9.033112582781458,7.876190476190477,7.776811594202899,0.07248157248157247,0.06148994875837602,13.56420765538425
4.2_仿若无因飘落的轻雨_10,4.98255412330795,2.206781908067863,4.746987951807229,8.370588235294118,7.181818181818182,7.242424242424242,0.10668380462724936,0.07638554216867471,13.740066121661881
4.2_仿若无因飘落的轻雨_11,4.923897652088643,2.192182388213486,6.308510638297872,8.803468208092486,7.925093632958801,7.832869080779944,0.12097812097812101,0.10842880523731588,16.276213701136157
4.2_仿若无因飘落的轻雨_12,4.923123210419803,2.219694982572567,5.310344827586207,9.205714285714286,7.912213740458015,8.29539295392954,0.10807453416149067,0.07308609846020384,10.898222920210719
4.2_仿若无因飘落的轻雨_13,5.034255562160903,2.1970025667350406,5.0989010989010985,9.181286549707602,7.763358778625954,7.727027027027027,0.11802853437094682,0.0495406233111151,10.537951543723214
4.2_仿若无因飘落的轻雨_14,5.068132688550119,2.211498819030468,5.119047619047619,8.645714285714286,7.501930501930502,7.558659217877095,0.11125827814569533,0.07857142857142854,29.581360946745544
4.2_仿若无因飘落的轻雨_15,5.042914664252662,2.217427503830014,5.584269662921348,8.373626373626374,7.4575645756457565,7.649025069637883,0.11741424802110816,0.027994667682346226,4.568752328464432
4.2_仿若无因飘落的轻雨_16,5.121617397001801,2.2137977585164004,5.113043478260869,7.948275862068965,6.820069204152249,7.192934782608695,0.1564625850340136,0.08176328502415457,21.968855601937417
4.2_仿若无因飘落的轻雨_17,5.058999462547695,2.2039288752101265,4.846153846153846,8.896969696969697,7.45703125,7.2707182320441985,0.12052980132450328,0.038816022686990415,6.995808144589221
4.2_仿若无因飘落的轻雨_18,5.105646852323996,2.1939067928603175,5.292134831460674,8.505747126436782,7.418250950570342,7.523560209424084,0.11366538952745849,0.040050743022834366,9.473476659761538
4.2_仿若无因飘落的轻雨_19,4.945497672585601,2.1791099276954036,4.120481927710843,8.816091954022989,7.299610894941634,7.986486486486487,0.1007281553398058,0.055047777316161194,11.720897146700702
4.2_仿若无因飘落的轻雨_2,5.033923731307438,2.194214555882273,4.888888888888889,8.424870466321243,7.5546875,7.433510638297872,0.0824607329842932,0.025396825396825386,3.60366681756451
4.2_仿若无因飘落的轻雨_20,5.021184384441211,2.2494098615762406,4.863013698630137,8.097701149425287,7.1417004048583,6.96996996996997,0.09643328929986789,0.07702248643060221,19.111147369983154
4.2_仿若无因飘落的轻雨_21,5.0326494471062135,2.187159542192076,5.490384615384615,7.92638036809816,6.977528089887641,7.254847645429363,0.1382978723404255,0.059973924380704056,7.377614399767749
4.2_仿若无因飘落的轻雨_22,5.084269532187253,2.1811540408936296,5.402298850574713,8.468208092485549,7.4423076923076925,7.460893854748603,0.10902255639097744,0.031051638359924517,8.21213758079409
4.2_仿若无因飘落的轻雨_23,4.775545483814124,2.1742851886134815,4.042553191489362,8.623529411764705,7.631336405529954,7.583333333333333,0.05710814094775214,0.058079355951696374,12.066329565734678
4.2_仿若无因飘落的轻雨_24,5.096236893458076,2.1755567573900105,4.651685393258427,10.217687074829932,8.11864406779661,8.145714285714286,0.11381074168797953,0.06198501872659177,17.75790527976199
4.2_仿若无因飘落的轻雨_25,5.217354799279754,2.191633536201875,5.8936170212765955,8.394736842105264,7.439024390243903,7.498591549295774,0.1258366800535475,0.057518932564010083,10.973944188268447
4.2_仿若无因飘落的轻雨_3,5.093651030813812,2.201325888152904,4.563218390804598,10.1437125748503,8.23228346456693,8.3601108033241,0.11240310077519378,0.05142165759225649,9.161175363098438
4.2_仿若无因飘落的轻雨_4,5.150338440476183,2.2088406319468423,4.563218390804598,9.011764705882353,7.505836575875486,7.6991643454039,0.11492734478203435,0.05078369905956113,8.520478386991929
4.2_仿若无因飘落的轻雨_5,5.067180618154304,2.1864921354014997,6.308641975308642,9.14102564102564,8.172995780590718,8.03641456582633,0.10560625814863105,0.08888888888888888,9.253730681918887
4.2_仿若无因飘落的轻雨_6,5.068080310753572,2.2032772381603145,4.98876404494382,9.172619047619047,7.723735408560311,7.78393351800554,0.11618798955613575,0.049871870687955844,8.297431733325531
4.2_仿若无因飘落的轻雨_7,5.027488166737708,2.200642230899665,4.490384615384615,9.674846625766872,7.655430711610487,8.138666666666667,0.13032581453634084,0.05117866004962777,7.86325233283531
4.2_仿若无因飘落的轻雨_8,5.130683529675168,2.214989900927354,4.552083333333333,8.404109589041095,6.87603305785124,6.991404011461318,0.13370473537604458,0.07762096774193546,19.213799937434615
4.2_仿若无因飘落的轻雨_9,5.123331139503577,2.1937565570124216,4.936842105263158,8.171974522292993,6.9523809523809526,7.1671388101983,0.12820512820512825,0.06635338345864662,10.259569854800656
4.3_向深水中的晨星_0,5.200956820192148,2.209565584247377,4.72,8.730337078651685,7.541501976284585,7.817708333333333,0.09752925877763333,0.035789473684210524,7.563923089897115
4.3_向深水中的晨星_1,5.116808760217807,2.221290762763705,5.65,8.832298136645962,7.6130268199233715,7.25068870523416,0.1362397820163487,0.04360655737704915,8.134787757835765
4.3_向深水中的晨星_10,5.211122960510433,2.1645245033772884,5.182795698924731,8.7987012987013,7.437246963562753,7.854227405247814,0.13616398243045388,0.03736999823726423,6.0583690092626465
4.3_向深水中的晨星_11,5.265675507244509,2.1560463863833785,6.0476190476190474,9.351515151515152,8.236947791164658,7.989159891598916,0.12000000000000001,0.054761904761904755,12.127840909090903
4.3_向深水中的晨星_12,5.277098769837264,2.2258237148241173,3.5681818181818183,8.374301675977653,6.790262172284645,7.0,0.1325301204819277,0.05913729128014841,8.967814478769771
4.3_向深水中的晨星_13,5.101179604250145,2.2355360858075097,3.8452380952380953,9.430051813471502,7.736462093862816,8.032911392405063,0.10566037735849056,0.06333333333333334,7.880506409938503
4.3_向深水中的晨星_14,5.011282777945793,2.178841097066865,5.1558441558441555,8.93452380952381,7.746938775510204,8.084468664850137,0.09625,0.08064028994261552,7.730942614289111
4.3_向深水中的晨星_15,5.036912549710887,2.1995450895941366,5.686274509803922,9.676300578034683,8.196363636363637,8.033942558746736,0.12830188679245283,0.042694497153700176,6.632049269411904
4.3_向深水中的晨星_16,5.081179585794601,2.155593263526899,5.0476190476190474,9.236263736263735,7.913533834586466,8.18041237113402,0.1074168797953964,0.07600732600732601,10.945277081173778
4.3_向深水中的晨星_17,4.954825841833192,2.1769328812166115,5.3164556962025316,8.502793296089385,7.5271317829457365,8.074074074074074,0.0981366459627329,0.042457805907173,4.982367094092867
4.3_向深水中的晨星_18,5.161604676361328,2.20677578186756,4.909090909090909,8.727810650887575,7.317164179104478,7.509433962264151,0.13524590163934427,0.06441463818513002,13.307402734333687
4.3_向深水中的晨星_19,5.035871322218067,2.193721675107271,5.253333333333333,9.098265895953757,7.935483870967742,8.431635388739947,0.09603072983354674,0.0453900709219858,5.638514844938176
4.3_向深水中的晨星_2,5.179121787468417,2.1855500012156304,4.461538461538462,8.445859872611464,6.983870967741935,6.820588235294117,0.13684210526315785,0.06105006105006106,14.114014110860634
4.3_向深水中的晨星_20,5.035653761895964,2.2012590911816456,3.8636363636363638,8.68125,6.971774193548387,7.223188405797101,0.11780455153949126,0.08409090909090909,15.889229226999348
4.3_向深水中的晨星_3,5.186721768689296,2.17670671536099,4.617283950617284,9.608938547486034,8.053846153846154,8.091623036649215,0.10384615384615385,0.0705467372134039,28.87488457987071
4.3_向深水中的晨星_4,5.094875512643273,2.2436007060306236,4.1891891891891895,9.123595505617978,7.674603174603175,8.130563798219585,0.09724047306176085,0.04938574938574937,10.990830300227222
4.3_向深水中的晨星_5,5.137161822692849,2.2123369077698247,4.25,8.29050279329609,7.042471042471043,7.137203166226913,0.11331444759206802,0.0689814814814815,12.292594905539596
4.3_向深水中的晨星_6,5.325096188914029,2.2029386502905086,5.817073170731708,8.76875,7.768595041322314,7.954423592493297,0.11664295874822195,0.054988913525498895,13.025126794393966
4.3_向深水中的晨星_7,5.236942798154949,2.2021103912888607,3.75,8.641618497109826,6.943396226415095,7.383152173913044,0.13199426111908177,0.05942028985507246,11.017177836715948
4.3_向深水中的晨星_8,5.3126897225388285,2.2257614446287683,4.190476190476191,9.631868131868131,7.913533834586466,8.214854111405835,0.12156295224312588,0.042574656981436636,8.550824729845747
4.3_向深水中的晨星_9,5.246743438945062,2.2273877130411095,3.6805555555555554,9.902564102564103,8.224719101123595,8.488372093023257,0.09863013698630135,0.03594771241830065,5.707259504132233
4.4_谕示胎动的终焉之刻_0,5.072229038575186,2.1880460684864333,5.791044776119403,8.488095238095237,7.719148936170213,8.13978494623656,0.08545918367346939,0.11210613598673304,24.21837628002505
4.4_谕示胎动的终焉之刻_1,5.000051305935512,2.200727437676241,5.277777777777778,9.666666666666666,8.412698412698413,8.150837988826815,0.09326424870466321,0.10539215686274506,24.130561887013783
4.4_谕示胎动的终焉之刻_10,4.996808606633534,2.2176348573606326,4.851851851851852,9.274193548387096,7.932584269662922,8.330788804071247,0.10279187817258885,0.04045179931704754,3.9232115670465246
4.4_谕示胎动的终焉之刻_11,5.162103313316674,2.230052578678596,5.232876712328767,9.194594594594594,8.073643410852712,7.961218836565097,0.10041265474552956,0.034794520547945205,5.141332853308345
4.4_谕示胎动的终焉之刻_12,5.174705909427413,2.198678058777842,4.902654867256637,9.341176470588236,7.568904593639576,7.675257731958763,0.15127175368139217,0.06297935103244838,8.977435693421425
4.4_谕示胎动的终焉之刻_13,5.186808393497666,2.215081520105834,5.729411764705882,8.96111111111111,7.9245283018867925,7.7650273224043715,0.11318242343541943,0.055436720142602494,22.01464091997494
4.4_谕示胎动的终焉之刻_14,5.2228627384961115,2.2349593558912857,4.709677419354839,8.435754189944134,7.161764705882353,7.366666666666666,0.12584573748308525,0.04006481072322876,17.387939337203292
4.4_谕示胎动的终焉之刻_15,5.047804297473165,2.1679560891791545,5.171052631578948,8.935064935064934,7.691304347826087,7.732954545454546,0.10000000000000003,0.047270955165692026,9.629119829475764
4.4_谕示胎动的终焉之刻_16,5.041564451267691,2.1674079964696413,5.708333333333333,8.848314606741573,7.944,7.94550408719346,0.08812729498164014,0.06111111111111113,7.313518898683726
4.4_谕示胎动的终焉之刻_17,5.148273414246628,2.212385763677165,4.524390243902439,9.15028901734104,7.662745098039216,7.983561643835617,0.10553410553410554,0.0572977158343012,20.315124043204392
4.4_谕示胎动的终焉之刻_18,5.1260595374986995,2.1790946069523933,4.827160493827161,8.053254437869823,7.008,7.304812834224599,0.10714285714285714,0.043871252204585535,8.948265358331847
4.4_谕示胎动的终焉之刻_19,5.125995981220494,2.2159059364616667,5.287234042553192,8.596491228070175,7.422641509433962,7.255208333333333,0.12160413971539459,0.057226705796038134,9.322524057348671
4.4_谕示胎动的终焉之刻_2,5.091517615916683,2.218337444105917,5.303370786516854,9.386740331491712,8.040740740740741,8.126005361930295,0.11819389110225766,0.051022287714127826,9.685436964035025
4.4_谕示胎动的终焉之刻_20,5.091314797969392,2.180235265815758,5.238095238095238,8.931034482758621,7.728682170542636,7.753387533875339,0.1048689138576779,0.031225604996096803,7.317386516180324
4.4_谕示胎动的终焉之刻_21,5.172421211467833,2.2145986931970914,4.595959595959596,8.460674157303371,7.07942238267148,7.767379679144385,0.12659846547314577,0.0348800505050505,5.375669025848472
4.4_谕示胎动的终焉之刻_22,5.079991608728346,2.159827282868547,5.038461538461538,8.732919254658386,7.527196652719665,8.305912596401027,0.09653465346534654,0.045234639574262187,7.122064282480761
4.4_谕示胎动的终焉之刻_3,5.135018882045882,2.194227125590233,5.392857142857143,10.448863636363637,8.815384615384616,9.058968058968059,0.1029411764705882,0.0510204081632653,6.770216962524655
4.4_谕示胎动的终焉之刻_4,5.036979339132622,2.1804266480668955,5.6231884057971016,8.94535519125683,8.035714285714286,8.269754768392371,0.08550185873605948,0.0357487922705314,4.641399793388435
4.4_谕示胎动的终焉之刻_5,5.142729543831888,2.219972980516237,4.0,9.165714285714285,7.601593625498008,7.593406593406593,0.10354223433242507,0.04760765550239236,8.961182891512587
4.4_谕示胎动的终焉之刻_6,4.991203598228424,2.223855335621511,5.535714285714286,8.96236559139785,8.169421487603305,8.276422764227643,0.07506702412868632,0.11904761904761904,27.322252866889233
4.4_谕示胎动的终焉之刻_7,5.007595392325687,2.204643079208988,6.818181818181818,9.736842105263158,8.830645161290322,8.466472303206997,0.10266666666666671,0.09604978354978355,12.261453505201843
4.4_谕示胎动的终焉之刻_8,5.037738188261529,2.173010656056942,4.776859504132231,8.910344827586206,7.030075187969925,7.121468926553672,0.18113772455089824,0.03420216147488875,4.605446308182971
4.4_谕示胎动的终焉之刻_9,5.0216236193464105,2.2114887043023,4.693181818181818,9.424418604651162,7.823076923076923,7.975342465753425,0.11473272490221645,0.05954545454545454,7.216245632345429
4.5_罪人舞步旋_0,5.009598766795854,2.194809583064321,4.589285714285714,9.23913043478261,8.154166666666667,8.69208211143695,0.07133757961783439,0.06489547038327527,9.604342599549218
4.5_罪人舞步旋_1,5.181259799085418,2.2159758801710483,5.173469387755102,9.59217877094972,8.028880866425993,8.427083333333334,0.12436548223350256,0.06550362080315998,12.901016000280364
4.5_罪人舞步旋_10,5.211853625443432,2.2289522191187308,5.3061224489795915,9.097701149425287,7.731617647058823,7.71505376344086,0.12844036697247704,0.04583987441130299,7.738492966203478
4.5_罪人舞步旋_11,5.117462426792519,2.19979793976954,6.373493975903615,8.935294117647059,8.09486166007905,7.639344262295082,0.11416781292984868,0.07751761764037282,14.354860950413237
4.5_罪人舞步旋_12,5.321827939380933,2.225613185822793,4.221153846153846,9.796407185628743,7.656826568265683,7.986737400530504,0.1384820239680426,0.05464946445959102,28.078624052159913
4.5_罪人舞步旋_13,5.122765495252963,2.1934817305865204,5.779220779220779,9.24607329842932,8.25,8.138107416879796,0.09577114427860692,0.044935064935064925,5.991220326711058
4.5_罪人舞步旋_14,5.124407016935976,2.158612154605111,5.674157303370786,8.761111111111111,7.739776951672862,7.857831325301205,0.11237373737373736,0.06350017024174326,15.495827862463434
4.5_罪人舞步旋_15,5.088525594251544,2.2104853137706155,6.107142857142857,9.75,8.641304347826088,8.874358974358975,0.10268948655256728,0.11243386243386239,26.26872632636763
4.5_罪人舞步旋_16,5.119628319933379,2.2020209211068544,5.4935064935064934,8.936507936507937,7.93984962406015,8.176943699731904,0.09589041095890413,0.04854162231211411,15.4207920792079
4.5_罪人舞步旋_17,5.234600273083035,2.207515152489518,4.930232558139535,8.727810650887575,7.447058823529412,7.578796561604585,0.12027972027972028,0.06321353065539113,10.428754054655373
4.5_罪人舞步旋_18,5.122294528662271,2.1703659427040636,5.4520547945205475,9.89090909090909,8.529411764705882,8.685792349726777,0.09554973821989528,0.036937377690802346,7.879596010604719
4.5_罪人舞步旋_19,5.219443394484191,2.2067699789679978,4.526315789473684,8.460606060606061,7.023076923076923,6.903225806451613,0.13212795549374126,0.06905901116427432,20.258323756827227
4.5_罪人舞步旋_2,5.123130951229957,2.1712571289259337,5.5476190476190474,9.475675675675676,8.24907063197026,8.339950372208436,0.10421836228287838,0.09981684981684978,19.8299739648946
4.5_罪人舞步旋_20,5.02379603008997,2.1759424806763494,4.349397590361446,8.268292682926829,6.951417004048583,7.111111111111111,0.11640953716690042,0.04238382099827882,7.852196618143619
4.5_罪人舞步旋_21,5.0561212301912155,2.1946284647940537,4.598214285714286,8.381818181818181,6.851985559566787,7.116336633663367,0.15321477428180574,0.030558350100603617,6.0258814839407036
4.5_罪人舞步旋_22,5.012266181731584,2.183470998707242,4.325842696629214,8.934640522875817,7.239669421487603,6.872832369942197,0.12430167597765364,0.07136912193091967,10.64780253672387
4.5_罪人舞步旋_23,5.083044564827282,2.231544972357946,4.58,9.228070175438596,7.512915129151292,7.015915119363395,0.1362397820163487,0.06461538461538462,12.426503223542833
4.5_罪人舞步旋_24,5.1271623087946585,2.21496150471085,4.136986301369863,7.6625,5.980392156862745,6.021505376344086,0.20916905444126077,0.06867826730840426,11.338698566521384
4.5_罪人舞步旋_25,5.127215101209974,2.169505681323384,4.266129032258065,9.611510791366907,7.091254752851711,7.577464788732394,0.17032967032967028,0.035229202037351456,7.477073064735183
4.5_罪人舞步旋_3,5.149414185038242,2.2095163147877286,4.9375,9.737804878048781,8.163934426229508,7.96,0.10596026490066224,0.03333333333333334,7.595663265306131
4.5_罪人舞步旋_4,5.182543354537188,2.2560869395344385,5.554455445544554,9.578125,8.19112627986348,8.08695652173913,0.129156010230179,0.053922315308453934,9.950056564680043
4.5_罪人舞步旋_5,5.048261295350284,2.1975115360428954,7.074074074074074,9.702380952380953,8.847389558232932,9.046997389033942,0.09987669543773119,0.11496913580246912,19.030235331489838
4.5_罪人舞步旋_6,5.072355888739897,2.249840773833933,5.829545454545454,8.857142857142858,7.756198347107438,8.128571428571428,0.11812080536912752,0.0909090909090909,11.570934256055363
4.5_罪人舞步旋_7,5.101935772440287,2.190355194205197,4.972972972972973,8.414634146341463,7.34453781512605,7.915730337078652,0.09511568123393316,0.07331799884991376,10.453019325784084
4.5_罪人舞步旋_8,5.213672941050807,2.2513107831633308,5.457142857142857,7.666666666666667,6.807407407407408,7.070460704607046,0.13852242744063323,0.07637017070979336,8.373162149826804
4.5_罪人舞步旋_9,5.225750149203526,2.1942552808021,5.010869565217392,9.636871508379889,8.066420664206642,8.242268041237113,0.12026143790849673,0.04934437543133195,9.992985344134853
90.1_风起鹤归_0,5.2232358068111715,2.244397031394827,4.3238095238095235,8.994011976047904,7.1911764705882355,7.702412868632708,0.13583441138421734,0.04265010351966872,10.081912520513765
90.1_风起鹤归_1,5.10431510807038,2.1584341132075204,4.546511627906977,9.054054054054054,7.623616236162362,7.7293233082706765,0.10011641443539003,0.051248923341946605,8.77033700718976
90.1_风起鹤归_10,5.192001426086251,2.2202367608512845,4.411111111111111,8.303370786516854,6.996268656716418,7.016806722689076,0.11703511053315999,0.030158730158730152,9.830010679957288
90.1_风起鹤归_11,5.166232339132701,2.2442196313006253,4.032258064516129,9.660714285714286,7.655172413793103,7.75968992248062,0.11567164179104472,0.05913978494623655,16.11163989688678
90.1_风起鹤归_12,5.161204723086788,2.2088715927222338,4.8625,9.607734806629834,8.153256704980842,8.17027027027027,0.10376134889753567,0.05648148148148147,8.941052311614753
90.1_风起鹤归_13,5.207290947923389,2.1679727975556333,4.355263157894737,8.721311475409836,7.44015444015444,7.430412371134021,0.09464508094645083,0.047270955165692026,9.629119829475764
90.1_风起鹤归_2,5.18999656063649,2.1641945812889096,4.575,8.921052631578947,7.633333333333334,7.592307692307692,0.10362694300518134,0.0436320754716981,5.945590294722551
90.1_风起鹤归_3,5.17552040355782,2.1918233344360734,3.0625,9.478494623655914,7.548872180451128,7.757894736842105,0.10282776349614396,0.044956140350877194,8.342607741240668
90.1_风起鹤归_4,5.137529823540564,2.1954680906604547,3.1733333333333333,10.484375,8.430711610486892,8.338501291989663,0.09689922480620154,0.07333333333333335,12.671408432654108
90.1_风起鹤归_5,5.232924607509209,2.1884213112830118,4.0588235294117645,8.042168674698795,6.693227091633466,7.301587301587301,0.1045510455104551,0.05363908275174476,15.77831558229236
90.1_风起鹤归_6,5.280446299571914,2.190926412142813,3.6435643564356437,8.309782608695652,6.656140350877193,6.8802992518703245,0.12833545108005087,0.06512341374982569,19.915305411030207
90.1_风起鹤归_7,5.032234266577784,2.212068922793384,4.641025641025641,9.260115606936417,7.824701195219124,8.32378223495702,0.10012836970474964,0.05564648117839611,6.586190839348577
90.1_风起鹤归_8,5.188982291188447,2.191946850179991,4.770642201834862,8.0,6.8305647840531565,7.020671834625323,0.14010282776349622,0.05033129459734964,11.13036391578089
90.1_风起鹤归_9,5.2396292062684235,2.2203840586913604,3.8907563025210083,8.737142857142857,6.775510204081633,7.115089514066496,0.15197956577266913,0.045310015898251184,8.876689219684183
91.1_危途疑踪_0,4.995237366778636,2.1889670434401767,5.357142857142857,9.36969696969697,8.016064257028113,8.071052631578947,0.09882352941176471,0.05142857142857143,6.987697953910526
91.1_危途疑踪_1,5.140786611991074,2.2462186821152943,3.98989898989899,9.113300492610838,7.433774834437086,7.575682382133995,0.11956521739130437,0.0442126179831098,6.526496067520012
91.1_危途疑踪_10,4.977706826652672,2.226371590307848,4.4774774774774775,8.691011235955056,7.072664359861592,7.294117647058823,0.14415584415584418,0.14492078285181736,26.792641044601698
91.1_危途疑踪_11,5.138827937758284,2.1802597782098307,4.914634146341464,9.55050505050505,8.192857142857143,8.007281553398059,0.09773539928486291,0.05754573170731707,20.275987099313667
91.1_危途疑踪_12,5.200102787577731,2.183267380312195,4.290322580645161,8.773255813953488,7.2,7.662371134020619,0.11231884057971017,0.08064516129032256,24.362895279046857
91.1_危途疑踪_13,5.103178787333381,2.1902821086559716,3.4081632653061225,9.05181347150259,7.151202749140894,6.959390862944162,0.12358133669609081,0.05580357142857144,10.092055083105546
91.1_危途疑踪_14,5.1447926389169645,2.1739601492526197,5.381578947368421,9.989473684210527,8.672932330827068,8.16497461928934,0.09464508094645083,0.03302373581011352,5.186921747806589
91.1_危途疑踪_15,5.108651328779923,2.1598763624219943,6.075949367088608,9.773480662983426,8.65,8.468982630272953,0.09327036599763867,0.07008907641819034,14.527880469366952
91.1_危途疑踪_16,5.105866040507775,2.1352052079665915,4.333333333333333,9.39102564102564,7.35632183908046,7.486187845303867,0.12529832935560864,0.05196078431372548,12.94595219298231
91.1_危途疑踪_17,4.9817720867534785,2.1785142709236798,4.339130434782609,9.589887640449438,7.5290102389078495,7.46524064171123,0.13939393939393946,0.08872282608695652,14.004070536038839
91.1_危途疑踪_18,5.140133253592894,2.209983083266445,5.223076923076923,8.491891891891893,7.142857142857143,7.323383084577115,0.15421115065243177,0.05624375624375623,15.692934448743904
91.1_危途疑踪_19,5.220407135153703,2.183593133777631,4.794117647058823,8.598870056497175,7.207885304659499,7.526992287917738,0.12639405204460966,0.054542943938138626,14.382639573745339
91.1_危途疑踪_2,4.992531143313675,2.187030636334218,5.2823529411764705,9.573863636363637,8.17624521072797,7.876315789473685,0.0996483001172333,0.05304437564499484,11.67323583471074
91.1_危途疑踪_20,4.99781855636453,2.1667205223393644,5.684210526315789,8.806451612903226,8.074074074074074,8.518041237113403,0.06418918918918919,0.06069227121858703,7.199526732386796
91.1_危途疑踪_21,5.1545528290557,2.208733987276775,5.013333333333334,8.54054054054054,7.523076923076923,7.333333333333333,0.08949880668257758,0.0603921568627451,10.346108709578438
91.1_危途疑踪_3,5.130750499755679,2.188133329151049,4.73394495412844,9.802083333333334,7.966777408637873,7.917073170731707,0.1302270011947431,0.05172018348623854,17.49586421235382
91.1_危途疑踪_4,4.955184282871919,2.1452772673619567,4.784810126582278,9.313829787234043,7.97378277153558,8.162303664921465,0.09518072289156625,0.05809222423146474,12.145813824525977
91.1_危途疑踪_5,5.081802064976109,2.1753419271471857,4.511904761904762,9.706161137440759,8.227118644067797,8.496613995485328,0.09491525423728815,0.0550351288056206,13.943093678026553
91.1_危途疑踪_6,5.055707219114328,2.1180408523105267,6.093333333333334,8.706467661691542,7.996376811594203,8.318501170960188,0.08640552995391704,0.04912280701754385,14.428635590995137
91.1_危途疑踪_7,4.894706674233058,2.133689415143102,6.89247311827957,9.94088669950739,8.983108108108109,8.951923076923077,0.10472972972972976,0.07716635041113218,12.456092099878559
91.1_危途疑踪_8,5.006065448096327,2.2167066565285203,6.252631578947368,9.866995073891626,8.71476510067114,8.54862842892768,0.1094470046082949,0.15023923444976073,32.7357027114316
91.1_危途疑踪_9,5.067842921772259,2.1930744127949016,6.486486486486487,8.61413043478261,8.003875968992247,7.88780487804878,0.08958837772397096,0.05885885885885886,6.730308778321495
92.1_倾落伽蓝_0,5.119695933127356,2.2229235330108352,4.94017094017094,8.107142857142858,6.807017543859649,7.244332493702771,0.14904458598726114,0.08763872942977419,24.56262598809217
92.1_倾落伽蓝_1,5.187889713770069,2.1994258577161423,4.326923076923077,8.070967741935483,6.5675675675675675,6.912,0.1306532663316583,0.04276693455797932,7.929172304701385
92.1_倾落伽蓝_10,5.294138469783329,2.2176358802875713,3.73109243697479,8.0,6.266211604095563,6.639896373056994,0.14893617021276592,0.04549019607843136,9.442609039827236
92.1_倾落伽蓝_11,5.020226137113536,2.201354055322766,4.666666666666667,7.625,6.56993006993007,7.376558603491272,0.12895069532237674,0.12030574941841146,24.99576818938073
92.1_倾落伽蓝_12,5.027710494962504,2.16892090906127,5.185185185185185,9.38265306122449,8.155234657039712,8.546419098143236,0.09712230215827336,0.06755182855811785,13.487413710997831
92.1_倾落伽蓝_13,5.056450439112404,2.181442198383253,5.5813953488372094,9.158469945355192,8.014869888475836,7.638297872340425,0.1060419235511714,0.10707364341085271,10.788974094182823
92.1_倾落伽蓝_14,5.184473287277827,2.22755365871333,4.9743589743589745,9.056818181818182,7.426621160409557,7.557457212713937,0.1505791505791506,0.04444444444444443,6.081986739020132
92.1_倾落伽蓝_15,5.300332999685152,2.269310709574488,4.766666666666667,9.6,8.04642857142857,8.138743455497382,0.11421319796954317,0.051515151515151514,18.35294117647059
92.1_倾落伽蓝_16,4.9875912270318565,2.181462487010367,5.5064935064935066,9.16304347826087,8.084291187739463,8.24561403508772,0.08622620380739085,0.057513914656771796,9.815429687500002
92.1_倾落伽蓝_17,5.183381879857944,2.216123440674898,6.345679012345679,9.357512953367875,8.467153284671532,8.196560196560197,0.09759036144578315,0.08058361391694728,16.968019961937067
92.1_倾落伽蓝_18,5.130273230288991,2.2161471236974317,4.627659574468085,8.497297297297298,7.193548387096774,7.434426229508197,0.11779448621553884,0.03930260047281324,13.39569919221039
92.1_倾落伽蓝_19,5.2489429674920745,2.1764931752069994,4.7368421052631575,8.470238095238095,7.1216730038022815,7.188524590163935,0.12305699481865287,0.019530754597336723,9.510660758604441
92.1_倾落伽蓝_2,5.076835581206734,2.151409427250793,4.758241758241758,8.796296296296296,7.3438735177865615,7.346590909090909,0.11577608142493641,0.05997392438070405,14.699046354078828
92.1_倾落伽蓝_20,5.154843971857203,2.2187097673273675,5.076923076923077,8.923469387755102,7.70383275261324,7.7375,0.11193111931119312,0.09376107763204533,30.12520314518487
92.1_倾落伽蓝_21,5.046971606697695,2.1712887372653205,5.625,9.666666666666666,8.354243542435425,8.03076923076923,0.11013767209011266,0.053030303030303025,15.243074792243773
92.1_倾落伽蓝_22,5.183843992308137,2.2095984835597453,4.861702127659575,8.552486187845304,7.290909090909091,7.761904761904762,0.11868686868686865,0.10231539424280353,43.51315927720632
92.1_倾落伽蓝_3,5.1107038156157,2.2171415170637916,4.965909090909091,9.093023255813954,7.696153846153846,7.847184986595174,0.11282051282051284,0.11912225705329152,25.671708925386238
92.1_倾落伽蓝_4,5.152839117875783,2.2032735060696558,5.845238095238095,8.622857142857143,7.722007722007722,7.86027397260274,0.10880829015544043,0.06515151515151517,13.642278548913803
92.1_倾落伽蓝_5,5.217494318115338,2.251592352558399,4.326315789473684,7.9879518072289155,6.655172413793103,6.524064171122995,0.1222651222651223,0.04866514111365371,12.595986464338157
92.1_倾落伽蓝_6,5.128843692027721,2.2157267588675604,4.77,9.58918918918919,7.898245614035088,7.6633416458852865,0.12468827930174568,0.09550724637681157,29.751634772648995
92.1_倾落伽蓝_7,5.117187785216594,2.2602287971988324,4.805555555555555,8.634831460674157,7.188811188811189,7.3203125,0.13567839195979903,0.0660919540229885,10.527088434582554
92.1_倾落伽蓝_8,5.096406116734029,2.1967012243422466,5.358695652173913,9.474576271186441,8.066914498141264,7.973474801061008,0.11044417767106841,0.04934437543133195,11.356423785286664
92.1_倾落伽蓝_9,5.0743190514506535,2.1794512960816546,5.673913043478261,9.320855614973262,8.118279569892474,8.037783375314861,0.10978520286396183,0.06093544137022399,16.439517547350125
